Sr. No.,Brand_Name,Product,Price,Return/Exchange,Excepted Delivery,Availability,URL
1,-,"Kadence Frontier guitar with Online Guitar learning course , Wine Red Acoustic Guitar with Die Cast Keys, Set of Strings, Strap, Picks and Bag (Wine Red, Acoustic)",-,-,-,,https://www.amazon.in/sspa/click?ie=UTF8&spc=MToxMDM0OTc5MDU5NDM0NjYyOjE2NjkyOTc2MjA6c3BfYXRmOjIwMDYxNjIwNjk2MjA0OjowOjo&url=%2FKadence-Frontier-Acoustic-Guitar-Strings%2Fdp%2FB01GDZ46AA%2Fref%3Dsr_1_1_sspa%3Fkeywords%3DGuitar%26qid%3D1669297620%26qu%3DeyJxc2MiOiI1Ljc4IiwicXNhIjoiNS4yNiIsInFzcCI6IjQuMDUifQ%253D%253D%26sr%3D8-1-spons%26sp_csd%3Dd2lkZ2V0TmFtZT1zcF9hdGY%26psc%3D1%26smid%3DAM04Z7MH4HSDD
2,-,"Kadence Slowhand Premium Jumbo Semi Acoustic Guitar with Heavy Padded Bag, guitar cable, Pro Capo (Black Spruce Wood)",-,-,-,,https://www.amazon.in/sspa/click?ie=UTF8&spc=MToxMDM0OTc5MDU5NDM0NjYyOjE2NjkyOTc2MjA6c3BfYXRmOjIwMDU3MTkzMDU2MjA0OjowOjo&url=%2FKadence-Slowhand-Premium-Acoustic-Instrument%2Fdp%2FB077SZ667X%2Fref%3Dsr_1_2_sspa%3Fkeywords%3DGuitar%26qid%3D1669297620%26qu%3DeyJxc2MiOiI1Ljc4IiwicXNhIjoiNS4yNiIsInFzcCI6IjQuMDUifQ%253D%253D%26sr%3D8-2-spons%26sp_csd%3Dd2lkZ2V0TmFtZT1zcF9hdGY%26psc%3D1
3,-,Hontral S4 String Decor Guitar Children's Musical Instrument Educational Toy Small Guitar for Beginners Kids Child - 23Inch,-,-,"Tuesday, 29 November",In stock.,https://www.amazon.in/sspa/click?ie=UTF8&spc=MToxMDM0OTc5MDU5NDM0NjYyOjE2NjkyOTc2MjA6c3BfYXRmOjIwMDc5OTc5NTkyNDk4OjowOjo&url=%2FHontral-Childrens-Instrument-Educational-Beginners%2Fdp%2FB0BD8Y1H78%2Fref%3Dsr_1_3_sspa%3Fkeywords%3DGuitar%26qid%3D1669297620%26qu%3DeyJxc2MiOiI1Ljc4IiwicXNhIjoiNS4yNiIsInFzcCI6IjQuMDUifQ%253D%253D%26sr%3D8-3-spons%26sp_csd%3Dd2lkZ2V0TmFtZT1zcF9hdGY%26psc%3D1
4,-,Vault DA40 41 Inch Premium Solid Spruce-Top Dreadnought Acoustic Guitar,-,-,"Tuesday, 29 November",In stock.,https://www.amazon.in/sspa/click?ie=UTF8&spc=MToxMDM0OTc5MDU5NDM0NjYyOjE2NjkyOTc2MjA6c3BfYXRmOjIwMDkyNjI0MDIxNDk4OjowOjo&url=%2FPremium-Spruce-Top-Dreadnought-Acoustic-Guitar%2Fdp%2FB0BJK1CWSN%2Fref%3Dsr_1_4_sspa%3Fkeywords%3DGuitar%26qid%3D1669297620%26qu%3DeyJxc2MiOiI1Ljc4IiwicXNhIjoiNS4yNiIsInFzcCI6IjQuMDUifQ%253D%253D%26sr%3D8-4-spons%26sp_csd%3Dd2lkZ2V0TmFtZT1zcF9hdGY%26psc%3D1
5,-,"Intern INT-38C Right hand Acoustic Guitar Kit, With Bag, Strings, Pick And Strap, Black, small",-,-,"Tuesday, 29 November",In stock.,https://www.amazon.in/Intern-INT-38C-Acoustic-Guitar-Black/dp/B073B6TQQY/ref=sr_1_5?keywords=Guitar&qid=1669297620&qu=eyJxc2MiOiI1Ljc4IiwicXNhIjoiNS4yNiIsInFzcCI6IjQuMDUifQ%3D%3D&sr=8-5
6,-,-,-,-,-,In stock.,https://www.amazon.in/Juarez-Acoustic-Cutaway-038C-Strings/dp/B017NPCSLI/ref=sr_1_6?keywords=Guitar&qid=1669297620&qu=eyJxc2MiOiI1Ljc4IiwicXNhIjoiNS4yNiIsInFzcCI6IjQuMDUifQ%3D%3D&sr=8-6
7,-,Intern INT-38C Acoustic Guitar Kit (Blue),-,-,"Monday, 28 November",In stock.,https://www.amazon.in/Intern-INT-38C-Acoustic-Guitar-Blue/dp/B073B5RZBV/ref=sr_1_7?keywords=Guitar&qid=1669297620&qu=eyJxc2MiOiI1Ljc4IiwicXNhIjoiNS4yNiIsInFzcCI6IjQuMDUifQ%3D%3D&sr=8-7
8,-,"Intern INT-38C Acoustic Guitar Kit (Sunburst) with Carry bag, Picks, Strings set and Guitar Strap, Small",-,-,"Tuesday, 29 November",In stock.,https://www.amazon.in/Intern-INT-38C-Acoustic-Guitar-Sunburst/dp/B073B5MJRM/ref=sr_1_8?keywords=Guitar&qid=1669297620&qu=eyJxc2MiOiI1Ljc4IiwicXNhIjoiNS4yNiIsInFzcCI6IjQuMDUifQ%3D%3D&sr=8-8
9,-,"Intern INT-38C-BK-G Cutaway Right Handed Acoustic Guitar Kit, with Bag, Nickel Strings, Pick And Strap (Black) -6 Strings",-,-,"Monday, 28 November",In stock.,https://www.amazon.in/Intern-INT-38C-BK-G-Guitar-Kit-Black/dp/B07K9497RC/ref=sr_1_9?keywords=Guitar&qid=1669297620&qu=eyJxc2MiOiI1Ljc4IiwicXNhIjoiNS4yNiIsInFzcCI6IjQuMDUifQ%3D%3D&sr=8-9
10,-,"Yamaha F280 Acoustic Rosewood Guitar (Natural, Beige)",-,-,"Tuesday, 29 November",In stock.,https://www.amazon.in/Yamaha-F280-Acoustic-Guitar-Natural/dp/B08317Y4VP/ref=sr_1_10?keywords=Guitar&qid=1669297620&qu=eyJxc2MiOiI1Ljc4IiwicXNhIjoiNS4yNiIsInFzcCI6IjQuMDUifQ%3D%3D&sr=8-10
11,-,Intern 38C Ebony Wood Cutaway Design Acoustic Guitar with Picks And Carry Bag (Black),-,-,"Tuesday, 29 November",In stock.,https://www.amazon.in/Intern-38-inch-Cutaway-Design-Acoustic/dp/B07X4PN85R/ref=sr_1_11?keywords=Guitar&qid=1669297620&qu=eyJxc2MiOiI1Ljc4IiwicXNhIjoiNS4yNiIsInFzcCI6IjQuMDUifQ%3D%3D&sr=8-11
12,-,"JUAREZ JRZ38C 38 Inches Lindenwood Right Handed Acoustic Guitar With Bag, Strings, Pick And Strap (Natural, Brown, 6 Strings)",-,-,-,In stock.,https://www.amazon.in/JUAREZ-JRZ38C-Acoustic-Natural-Strings/dp/B01FYYTDWC/ref=sr_1_12?keywords=Guitar&qid=1669297620&qu=eyJxc2MiOiI1Ljc4IiwicXNhIjoiNS4yNiIsInFzcCI6IjQuMDUifQ%3D%3D&sr=8-12
13,-,"Hovner 215 Dark Green F-Cut Rosewood Fretboard Acoustic Guitar With Bag,Strap,1 Set of Extra Strings and 2 Picks By K-Retail",-,-,"Tuesday, 29 November",In stock.,https://www.amazon.in/215-Rosewood-Fretboard-Acoustic-K-Retail/dp/B08RCRJ8SK/ref=sr_1_13?keywords=Guitar&qid=1669297620&qu=eyJxc2MiOiI1Ljc4IiwicXNhIjoiNS4yNiIsInFzcCI6IjQuMDUifQ%3D%3D&sr=8-13
14,-,"Yamaha FS100C Acoustic Guitar, Black",-,-,"Wednesday, 30 November",In stock.,https://www.amazon.in/Yamaha-FS-100C-6-String-Acoustic-without/dp/B00PAS9CK6/ref=sr_1_14?keywords=Guitar&qid=1669297620&qu=eyJxc2MiOiI1Ljc4IiwicXNhIjoiNS4yNiIsInFzcCI6IjQuMDUifQ%3D%3D&sr=8-14
15,-,Fender CD 60 Dread V3 DS 6 String Acoustic Guitar - Walnut Fretboard-Black,-,-,"Tuesday, 29 November",In stock.,https://www.amazon.in/Fender-Dread-String-Acoustic-Guitar/dp/B07RM4B5LJ/ref=sxin_24?asc_contentid=amzn1.osa.39dd7fbf-afb9-4b33-a89b-5dc1ff018d2f.A21TJRUUN4KGV.en_IN&asc_contenttype=article&ascsubtag=amzn1.osa.39dd7fbf-afb9-4b33-a89b-5dc1ff018d2f.A21TJRUUN4KGV.en_IN&content-id=amzn1.sym.939c6bd1-1a0e-48f0-a138-af961f88b523%3Aamzn1.sym.939c6bd1-1a0e-48f0-a138-af961f88b523&creativeASIN=B07RM4B5LJ&cv_ct_cx=Guitar&cv_ct_id=amzn1.osa.39dd7fbf-afb9-4b33-a89b-5dc1ff018d2f.A21TJRUUN4KGV.en_IN&cv_ct_pg=search&cv_ct_we=asin&cv_ct_wn=osp-single-source-pecos-desktop&keywords=Guitar&linkCode=oas&pd_rd_i=B07RM4B5LJ&pd_rd_r=73dcfb09-7f1d-46a3-9f0a-f17fd417827c&pd_rd_w=ChRV3&pd_rd_wg=hoKRw&pf_rd_p=939c6bd1-1a0e-48f0-a138-af961f88b523&pf_rd_r=0GF77D195WDVP23HDWF8&qid=1669297620&qu=eyJxc2MiOiI1Ljc4IiwicXNhIjoiNS4yNiIsInFzcCI6IjQuMDUifQ%3D%3D&sr=1-1-c84eb971-91f2-4a4d-acce-811265c24254&tag=sm-content-21
16,-,"Yamaha FS100C Acoustic Guitar, Natural",-,-,"Wednesday, 30 November",In stock.,https://www.amazon.in/Yamaha-FS100C-Acoustic-Guitars-Natural/dp/B00QKD79QE/ref=sxin_24?asc_contentid=amzn1.osa.39dd7fbf-afb9-4b33-a89b-5dc1ff018d2f.A21TJRUUN4KGV.en_IN&asc_contenttype=article&ascsubtag=amzn1.osa.39dd7fbf-afb9-4b33-a89b-5dc1ff018d2f.A21TJRUUN4KGV.en_IN&content-id=amzn1.sym.939c6bd1-1a0e-48f0-a138-af961f88b523%3Aamzn1.sym.939c6bd1-1a0e-48f0-a138-af961f88b523&creativeASIN=B00QKD79QE&cv_ct_cx=Guitar&cv_ct_id=amzn1.osa.39dd7fbf-afb9-4b33-a89b-5dc1ff018d2f.A21TJRUUN4KGV.en_IN&cv_ct_pg=search&cv_ct_we=asin&cv_ct_wn=osp-single-source-pecos-desktop&keywords=Guitar&linkCode=oas&pd_rd_i=B00QKD79QE&pd_rd_r=73dcfb09-7f1d-46a3-9f0a-f17fd417827c&pd_rd_w=ChRV3&pd_rd_wg=hoKRw&pf_rd_p=939c6bd1-1a0e-48f0-a138-af961f88b523&pf_rd_r=0GF77D195WDVP23HDWF8&qid=1669297620&qu=eyJxc2MiOiI1Ljc4IiwicXNhIjoiNS4yNiIsInFzcCI6IjQuMDUifQ%3D%3D&sr=1-2-c84eb971-91f2-4a4d-acce-811265c24254&tag=sm-content-21
17,-,"Kadence Guitar Acoustica Series, 41” Jumbo Size 6-strings Acoustic Guitar, Spruce body with Pick Guard A311 with bag… B07JKYWGJN (KAD-A-311)",-,-,"Monday, 28 November",In stock.,https://www.amazon.in/Kadence-6-strings-Acoustic-Guitar-Natural/dp/B07JKYWGJN/ref=sxin_24?asc_contentid=amzn1.osa.39dd7fbf-afb9-4b33-a89b-5dc1ff018d2f.A21TJRUUN4KGV.en_IN&asc_contenttype=article&ascsubtag=amzn1.osa.39dd7fbf-afb9-4b33-a89b-5dc1ff018d2f.A21TJRUUN4KGV.en_IN&content-id=amzn1.sym.939c6bd1-1a0e-48f0-a138-af961f88b523%3Aamzn1.sym.939c6bd1-1a0e-48f0-a138-af961f88b523&creativeASIN=B07JKYWGJN&cv_ct_cx=Guitar&cv_ct_id=amzn1.osa.39dd7fbf-afb9-4b33-a89b-5dc1ff018d2f.A21TJRUUN4KGV.en_IN&cv_ct_pg=search&cv_ct_we=asin&cv_ct_wn=osp-single-source-pecos-desktop&keywords=Guitar&linkCode=oas&pd_rd_i=B07JKYWGJN&pd_rd_r=73dcfb09-7f1d-46a3-9f0a-f17fd417827c&pd_rd_w=ChRV3&pd_rd_wg=hoKRw&pf_rd_p=939c6bd1-1a0e-48f0-a138-af961f88b523&pf_rd_r=0GF77D195WDVP23HDWF8&qid=1669297620&qu=eyJxc2MiOiI1Ljc4IiwicXNhIjoiNS4yNiIsInFzcCI6IjQuMDUifQ%3D%3D&sr=1-3-c84eb971-91f2-4a4d-acce-811265c24254&tag=sm-content-21
18,-,-,-,-,-,In stock.,https://www.amazon.in/Martin-Smith-W-101-N-PK-Acoustic-Natural/dp/B00UOUK4IE/ref=sr_1_15?keywords=Guitar&qid=1669297620&qu=eyJxc2MiOiI1Ljc4IiwicXNhIjoiNS4yNiIsInFzcCI6IjQuMDUifQ%3D%3D&sr=8-15
19,-,-,-,-,-,In stock.,https://www.amazon.in/Juarez-Acoustic-Guitar-Cutaway-Strings/dp/B076QHZ4HZ/ref=sr_1_16?keywords=Guitar&qid=1669297620&qu=eyJxc2MiOiI1Ljc4IiwicXNhIjoiNS4yNiIsInFzcCI6IjQuMDUifQ%3D%3D&sr=8-16
20,-,-,-,-,-,In stock.,https://www.amazon.in/JUAREZ-JRZ38C-Acoustic-Sunburst-Strings/dp/B01FYYTDS6/ref=sr_1_17?keywords=Guitar&qid=1669297620&qu=eyJxc2MiOiI1Ljc4IiwicXNhIjoiNS4yNiIsInFzcCI6IjQuMDUifQ%3D%3D&sr=8-17
21,-,-,-,-,-,In stock.,https://www.amazon.in/Yamaha-Acoustic-Guitar-Tobacco-Sunburst/dp/B08VXR74Q2/ref=sr_1_18?keywords=Guitar&qid=1669297620&qu=eyJxc2MiOiI1Ljc4IiwicXNhIjoiNS4yNiIsInFzcCI6IjQuMDUifQ%3D%3D&sr=8-18
22,-,-,-,-,-,In stock.,https://www.amazon.in/Juarez-Acoustic-Cutaway-BK-Strings/dp/B076T3RHMG/ref=sr_1_19?keywords=Guitar&qid=1669297620&qu=eyJxc2MiOiI1Ljc4IiwicXNhIjoiNS4yNiIsInFzcCI6IjQuMDUifQ%3D%3D&sr=8-19
23,-,-,-,-,-,In stock.,https://www.amazon.in/JUAREZ-JRZ38C-Acoustic-Sunburst-Strings/dp/B01FYYTDTU/ref=sr_1_20?keywords=Guitar&qid=1669297620&qu=eyJxc2MiOiI1Ljc4IiwicXNhIjoiNS4yNiIsInFzcCI6IjQuMDUifQ%3D%3D&sr=8-20
24,-,"Blueberry B-D38 38 Incheses wood Acoustic Guitar Kit Inbuilt Truss Rod With Bag, Strap, One Pack Strings And Picks (Blue)",-,-,"Tuesday, 29 November",In stock.,https://www.amazon.in/sspa/click?ie=UTF8&spc=MToxMDM0OTc5MDU5NDM0NjYyOjE2NjkyOTc2MjA6c3BfbXRmOjIwMDc4MzM2ODg3NDk4OjowOjo&url=%2FBlueberry-B-D38-Acoustic-Inbuilt-Strings%2Fdp%2FB07PHYZZP1%2Fref%3Dsr_1_21_sspa%3Fkeywords%3DGuitar%26qid%3D1669297620%26qu%3DeyJxc2MiOiI1Ljc4IiwicXNhIjoiNS4yNiIsInFzcCI6IjQuMDUifQ%253D%253D%26sr%3D8-21-spons%26sp_csd%3Dd2lkZ2V0TmFtZT1zcF9tdGY%26psc%3D1
25,-,"GUITAR BRO - COMBO (Black Acoustic Guitar for Beginner, Guitar Learning Kit, Song Book, Video Lectures, Accessories like Pick, Bag)",-,-,November 30 - December 2,In stock.,https://www.amazon.in/sspa/click?ie=UTF8&spc=MToxMDM0OTc5MDU5NDM0NjYyOjE2NjkyOTc2MjA6c3BfbXRmOjIwMDQ5MTI5MTM2MjAxOjowOjo&url=%2FGUITAR-BRO-Acoustic-Beginner-Accessories%2Fdp%2FB07T84GC8L%2Fref%3Dsr_1_22_sspa%3Fkeywords%3DGuitar%26qid%3D1669297620%26qu%3DeyJxc2MiOiI1Ljc4IiwicXNhIjoiNS4yNiIsInFzcCI6IjQuMDUifQ%253D%253D%26sr%3D8-22-spons%26sp_csd%3Dd2lkZ2V0TmFtZT1zcF9tdGY%26psc%3D1
26,-,-,-,-,-,In stock.,https://www.amazon.in/sspa/click?ie=UTF8&spc=MToxMDM0OTc5MDU5NDM0NjYyOjE2NjkyOTc2MjA6c3BfbXRmOjIwMDMyNDQwNDc5Nzk4OjowOjo&url=%2FLUCHILA-Childrens-Instrument-Educational-Beginners%2Fdp%2FB09T3Q72CJ%2Fref%3Dsr_1_23_sspa%3Fkeywords%3DGuitar%26qid%3D1669297620%26qu%3DeyJxc2MiOiI1Ljc4IiwicXNhIjoiNS4yNiIsInFzcCI6IjQuMDUifQ%253D%253D%26sr%3D8-23-spons%26sp_csd%3Dd2lkZ2V0TmFtZT1zcF9tdGY%26psc%3D1
27,-,"Blueberry B-38C-Brown 38 Inch Acoustic Guitar Kit with Bag, Strap, One Pack Strings And 2 Picks",-,-,"Tuesday, 29 November",In stock.,https://www.amazon.in/sspa/click?ie=UTF8&spc=MToxMDM0OTc5MDU5NDM0NjYyOjE2NjkyOTc2MjA6c3BfbXRmOjIwMDc4MzM2ODg0OTk4OjowOjo&url=%2FBlueberry-B-38C-Brown-Acoustic-Guitar-Strings%2Fdp%2FB0B71BHDGQ%2Fref%3Dsr_1_24_sspa%3Fkeywords%3DGuitar%26qid%3D1669297620%26qu%3DeyJxc2MiOiI1Ljc4IiwicXNhIjoiNS4yNiIsInFzcCI6IjQuMDUifQ%253D%253D%26sr%3D8-24-spons%26sp_csd%3Dd2lkZ2V0TmFtZT1zcF9tdGY%26psc%3D1
28,-,-,-,-,-,In stock.,https://www.amazon.in/Juarez-Acoustic-Guitar-Cutaway-Strings/dp/B075XMRKMY/ref=sr_1_25?keywords=Guitar&qid=1669297620&qu=eyJxc2MiOiI1Ljc4IiwicXNhIjoiNS4yNiIsInFzcCI6IjQuMDUifQ%3D%3D&sr=8-25
29,-,-,-,-,-,In stock.,https://www.amazon.in/YAMAHA-NATURAL-CONCERT-CUTAWAY-GUITAR/dp/B08KW4DRKL/ref=sr_1_26?keywords=Guitar&qid=1669297620&qu=eyJxc2MiOiI1Ljc4IiwicXNhIjoiNS4yNiIsInFzcCI6IjQuMDUifQ%3D%3D&sr=8-26
30,-,"Medellin M38 carbon fiber body 38 Incheses Acoustic Guitar (Blue Burst) Durable Matt finish With hAndrest, strings, strap, bag, 3 Picks, capo, stAnd",-,-,"Monday, 28 November",In stock.,https://www.amazon.in/Medellin-Acoustic-Guitar-Carbon-Learning/dp/B09MSGMQ3Y/ref=sr_1_27?keywords=Guitar&qid=1669297620&qu=eyJxc2MiOiI1Ljc4IiwicXNhIjoiNS4yNiIsInFzcCI6IjQuMDUifQ%3D%3D&sr=8-27
31,-,-,-,-,-,-,https://www.amazon.in/Yamaha-FSX80C-Acoustic-Cutaway-Natural/dp/B09HL3GFZF/ref=sr_1_28?keywords=Guitar&qid=1669297620&qu=eyJxc2MiOiI1Ljc4IiwicXNhIjoiNS4yNiIsInFzcCI6IjQuMDUifQ%3D%3D&sr=8-28
32,-,-,-,-,-,In stock.,https://www.amazon.in/Juarez-Acoustic-Guitar-Cutaway-Strings/dp/B084VRCCN7/ref=sr_1_29?keywords=Guitar&qid=1669297620&qu=eyJxc2MiOiI1Ljc4IiwicXNhIjoiNS4yNiIsInFzcCI6IjQuMDUifQ%3D%3D&sr=8-29
33,-,"Medellin 38"" Acoustic Guitar premium wood with adjustable Truss-rod, free online learning course, Set Of Strings, Strap, Bag and 3 Picks (White Truss Rod)…",-,-,"Wednesday, 30 November",In stock.,https://www.amazon.in/Medellin-Acoustic-adjustable-Truss-rod-learning/dp/B0BMKX4HNP/ref=sr_1_30?keywords=Guitar&qid=1669297620&qu=eyJxc2MiOiI1Ljc4IiwicXNhIjoiNS4yNiIsInFzcCI6IjQuMDUifQ%3D%3D&sr=8-30
34,-,-,-,-,-,In stock.,https://www.amazon.in/FX280-acoustic-Dreadnought-Tobacco-Sunburst/dp/B09HR7BXGW/ref=sr_1_31?keywords=Guitar&qid=1669297620&qu=eyJxc2MiOiI1Ljc4IiwicXNhIjoiNS4yNiIsInFzcCI6IjQuMDUifQ%3D%3D&sr=8-31
35,-,-,-,-,-,In stock.,https://www.amazon.in/Enterprise-Acoustic-Instrument-Educational-Beginners/dp/B0B46LBJQZ/ref=sr_1_32?keywords=Guitar&qid=1669297620&qu=eyJxc2MiOiI1Ljc4IiwicXNhIjoiNS4yNiIsInFzcCI6IjQuMDUifQ%3D%3D&sr=8-32
36,-,-,-,-,-,In stock.,https://www.amazon.in/Yamaha-FSX80C-Acoustic-Cutaway-Guitar/dp/B09HL5WFDX/ref=sr_1_33?keywords=Guitar&qid=1669297620&qu=eyJxc2MiOiI1Ljc4IiwicXNhIjoiNS4yNiIsInFzcCI6IjQuMDUifQ%3D%3D&sr=8-33
37,-,-,-,-,-,In stock.,https://www.amazon.in/Yamaha-FX280-acoustic-Dreadnought-Natural/dp/B09HR6BNFQ/ref=sr_1_34?keywords=Guitar&qid=1669297620&qu=eyJxc2MiOiI1Ljc4IiwicXNhIjoiNS4yNiIsInFzcCI6IjQuMDUifQ%3D%3D&sr=8-34
38,-,-,-,-,-,In stock.,https://www.amazon.in/Blueberry-38C-Acoustic-Guitar-Strings/dp/B08KLMV4XX/ref=sr_1_35?keywords=Guitar&qid=1669297620&qu=eyJxc2MiOiI1Ljc4IiwicXNhIjoiNS4yNiIsInFzcCI6IjQuMDUifQ%3D%3D&sr=8-35
39,-,-,-,-,-,In stock.,https://www.amazon.in/Creation-4-String-Instrument-Learning-Toy/dp/B0BD92RXDB/ref=sr_1_36?keywords=Guitar&qid=1669297620&qu=eyJxc2MiOiI1Ljc4IiwicXNhIjoiNS4yNiIsInFzcCI6IjQuMDUifQ%3D%3D&sr=8-36
40,-,Bestonl String Decor Guitar Children's Musical Instrument Educational Toy Small Guitar for Beginners Kids Child - 23Inch,-,-,"Tuesday, 29 November",In stock.,https://www.amazon.in/Bestonl-Childrens-Instrument-Educational-Beginners/dp/B0BDG13QZS/ref=sr_1_37?keywords=Guitar&qid=1669297620&qu=eyJxc2MiOiI1Ljc4IiwicXNhIjoiNS4yNiIsInFzcCI6IjQuMDUifQ%3D%3D&sr=8-37
41,-,Hontral S4 String Decor Guitar Children's Musical Instrument Educational Toy Small Guitar for Beginners Kids Child - 23Inch,-,-,"Tuesday, 29 November",In stock.,https://www.amazon.in/Hontral-Childrens-Instrument-Educational-Beginners/dp/B0BD8Y1H78/ref=sr_1_38?keywords=Guitar&qid=1669297620&qu=eyJxc2MiOiI1Ljc4IiwicXNhIjoiNS4yNiIsInFzcCI6IjQuMDUifQ%3D%3D&sr=8-38
42,-,-,-,-,-,In stock.,https://www.amazon.in/JUAREZ-Acoustic-Guitar-String-JRGSE32/dp/B08MW1WPW5/ref=sr_1_39?keywords=Guitar&qid=1669297620&qu=eyJxc2MiOiI1Ljc4IiwicXNhIjoiNS4yNiIsInFzcCI6IjQuMDUifQ%3D%3D&sr=8-39
43,-,-,-,-,-,In stock.,https://www.amazon.in/Firevally-Childrens-Instrument-Educational-Instruments/dp/B0BL15WBRS/ref=sr_1_40?keywords=Guitar&qid=1669297620&qu=eyJxc2MiOiI1Ljc4IiwicXNhIjoiNS4yNiIsInFzcCI6IjQuMDUifQ%3D%3D&sr=8-40
44,-,-,-,-,-,In stock.,https://www.amazon.in/Yamaha-F310-6-Strings-Acoustic-Natural/dp/B000RVYW7E/ref=sr_1_41?keywords=Guitar&qid=1669297620&qu=eyJxc2MiOiI1Ljc4IiwicXNhIjoiNS4yNiIsInFzcCI6IjQuMDUifQ%3D%3D&sr=8-41
45,-,"Vault Junior 30 Inch Acoustic Guitar for Kids with Gig-Bag, Strings, Straps, Picks, String winder, Polishing Cloth & E-Book - Natural Gloss",-,-,"Monday, 28 November",In stock.,https://www.amazon.in/Junior-Acoustic-Guitar-Strings-Polishing/dp/B07RMJ88G2/ref=sr_1_42?keywords=Guitar&qid=1669297620&qu=eyJxc2MiOiI1Ljc4IiwicXNhIjoiNS4yNiIsInFzcCI6IjQuMDUifQ%3D%3D&sr=8-42
46,-,"Blueberry R-701 Gray, 6 String Right Handed Beginner Full Size Rosewood Fret board Electric Guitar with Bag, Strap, One Set of Strings and 2 Picks",-,-,"Tuesday, 29 November",In stock.,https://www.amazon.in/Blueberry-Beginner-Rosewood-Electric-Strings/dp/B0BLYP3Q6S/ref=sr_1_43?keywords=Guitar&qid=1669297620&qu=eyJxc2MiOiI1Ljc4IiwicXNhIjoiNS4yNiIsInFzcCI6IjQuMDUifQ%3D%3D&sr=8-43
47,-,-,-,-,-,In stock.,https://www.amazon.in/Blueberry-38C-Acoustic-Strings-Natural/dp/B08KLNFL2Y/ref=sr_1_44?keywords=Guitar&qid=1669297620&qu=eyJxc2MiOiI1Ljc4IiwicXNhIjoiNS4yNiIsInFzcCI6IjQuMDUifQ%3D%3D&sr=8-44
48,-,"Givson Venus Special Cutaway Rosewood 41 Inch Acoustic Guitar Kit with Bag, Rhythm String Set, Strap and 5 Plectrums, (sunbrust)",-,-,"Wednesday, 30 November",In stock.,https://www.amazon.in/Special-Cutaway-Rosewood-Acoustic-Plectrums/dp/B09P3YQQLK/ref=sr_1_45?keywords=Guitar&qid=1669297620&qu=eyJxc2MiOiI1Ljc4IiwicXNhIjoiNS4yNiIsInFzcCI6IjQuMDUifQ%3D%3D&sr=8-45
49,-,"Kadence rosewood Guitar Frontier Series, Electric Acoustic Black Guitar With EQ, Die Cast Keys, Set Of Strings, Strap, Picks And Bag (Black EQ, Electric Acoustic)",-,-,"Wednesday, 30 November",In stock.,https://www.amazon.in/Kadence-Frontier-Acoustic-Guitar-Strings/dp/B078GTJP5Y/ref=sr_1_46?keywords=Guitar&qid=1669297620&qu=eyJxc2MiOiI1Ljc4IiwicXNhIjoiNS4yNiIsInFzcCI6IjQuMDUifQ%3D%3D&sr=8-46
50,-,"Musical String New Acoustic Guitar 6 string, 21 freet, 41 inches Black Mat Finished with Black Cover Bag, Picks and One Extra String Set",-,-,"Tuesday, 29 November",In stock.,https://www.amazon.in/Musical-String-Acoustic-Guitar-Finished/dp/B08W4JGP4B/ref=sr_1_47?keywords=Guitar&qid=1669297620&qu=eyJxc2MiOiI1Ljc4IiwicXNhIjoiNS4yNiIsInFzcCI6IjQuMDUifQ%3D%3D&sr=8-47
51,-,"Medellin 40"" Acoustic Guitar +(Free Online Learning Course) - Durable Matt finish with, strings, strap, bag, 3 Picks and truss rod adjustment.",-,-,"Wednesday, 30 November",In stock.,https://www.amazon.in/Medellin-Acoustic-Guitar-Online-Learning/dp/B0BMKQNWM2/ref=sr_1_48?keywords=Guitar&qid=1669297620&qu=eyJxc2MiOiI1Ljc4IiwicXNhIjoiNS4yNiIsInFzcCI6IjQuMDUifQ%3D%3D&sr=8-48
52,-,Tanglewood TW5-E-AVB Electro-Acoustic Guitar Antique Violin Burst,-,-,"Tuesday, 29 November",In stock.,https://www.amazon.in/Tanglewood-Electro-Acoustic-Guitar-Antique-Violin/dp/B0971762X2/ref=sr_1_49?keywords=Guitar&qid=1669297620&qu=eyJxc2MiOiI1Ljc4IiwicXNhIjoiNS4yNiIsInFzcCI6IjQuMDUifQ%3D%3D&sr=8-49
53,-,-,-,-,-,In stock.,https://www.amazon.in/Acoustic-Cutaway-3TS-Strings-Sunburst/dp/B098BD1MHM/ref=sr_1_50?keywords=Guitar&qid=1669297620&qu=eyJxc2MiOiI1Ljc4IiwicXNhIjoiNS4yNiIsInFzcCI6IjQuMDUifQ%3D%3D&sr=8-50
54,-,"Medellin 38"" Acoustic Guitar Carbon Fiber body+(Free Online Learning Course) - Durable Matt finish with handrest, strings, strap, bag, 3 Picks, capo, stand. (natural)",-,-,"Monday, 28 November",In stock.,https://www.amazon.in/Medellin-carbn-guitar-38inch-NATURAL/dp/B09MSHD6TS/ref=sr_1_51?keywords=Guitar&qid=1669297620&qu=eyJxc2MiOiI1Ljc4IiwicXNhIjoiNS4yNiIsInFzcCI6IjQuMDUifQ%3D%3D&sr=8-51
55,-,"Medellin MDCF38BK Carbon Fiber Acoustic Guitar With Handrest, Set Of Strings, Strap, Bag, 3 Picks, Capo, Guitar Wall Hanging Stand (Matt, Sunburst)",-,-,"Monday, 28 November",In stock.,https://www.amazon.in/Medellin-Acoustic-specailized-learning-beginners/dp/B09MSGN39M/ref=sr_1_52?keywords=Guitar&qid=1669297620&qu=eyJxc2MiOiI1Ljc4IiwicXNhIjoiNS4yNiIsInFzcCI6IjQuMDUifQ%3D%3D&sr=8-52
56,-,Intern Int-38c Sunburst Linden Wood Acoustic Guitar Kit with Carry Bag and Picks,-,-,"Tuesday, 29 November",In stock.,https://www.amazon.in/Intern-INT-38C-Sunburst-Acoustic-Guitar/dp/B07X1J4D3Z/ref=sr_1_53?keywords=Guitar&qid=1669297620&qu=eyJxc2MiOiI1Ljc4IiwicXNhIjoiNS4yNiIsInFzcCI6IjQuMDUifQ%3D%3D&sr=8-53
57,-,-,-,-,-,-,https://www.amazon.in/Yamaha-Fullsized-Classic-Guitar-Finish/dp/B005B6EZ36/ref=sr_1_54?keywords=Guitar&qid=1669297620&qu=eyJxc2MiOiI1Ljc4IiwicXNhIjoiNS4yNiIsInFzcCI6IjQuMDUifQ%3D%3D&sr=8-54
58,-,"Cort AF515CE Guitar Electric Acoustic- OP With Sponge Bag, Belt, String Set,& Plectrums Combo Pack (Nat)",-,-,"Wednesday, 30 November",In stock.,https://www.amazon.in/Cort-AF515CE-Electro-Acoustic-Guitar/dp/B08DP67FKP/ref=sr_1_55?keywords=Guitar&qid=1669297620&qu=eyJxc2MiOiI1Ljc4IiwicXNhIjoiNS4yNiIsInFzcCI6IjQuMDUifQ%3D%3D&sr=8-55
59,-,-,-,-,-,In stock.,https://www.amazon.in/Kadence-Frontier-Acoustic-Guitar-Strings/dp/B01CJJG328/ref=sr_1_56?keywords=Guitar&qid=1669297620&qu=eyJxc2MiOiI1Ljc4IiwicXNhIjoiNS4yNiIsInFzcCI6IjQuMDUifQ%3D%3D&sr=8-56
60,-,"Festra R-40-Natural Acoustic Guitar Kit with Bag, Strap, One Pack Strings And 2 Picks",-,-,"Tuesday, 29 November",In stock.,https://www.amazon.in/sspa/click?ie=UTF8&spc=MToxMDM0OTc5MDU5NDM0NjYyOjE2NjkyOTc2MjA6c3BfYnRmOjIwMDc4MzM2ODg1OTk4OjowOjo&url=%2FFestra-R-40-Natural-Acoustic-Guitar-Strings%2Fdp%2FB09VL5DX17%2Fref%3Dsr_1_57_sspa%3Fkeywords%3DGuitar%26qid%3D1669297620%26qu%3DeyJxc2MiOiI1Ljc4IiwicXNhIjoiNS4yNiIsInFzcCI6IjQuMDUifQ%253D%253D%26sr%3D8-57-spons%26sp_csd%3Dd2lkZ2V0TmFtZT1zcF9idGY%26psc%3D1
61,-,Vault PA36 Parlor Acoustic Guitar Kit,-,-,"Tuesday, 29 November",In stock.,https://www.amazon.in/sspa/click?ie=UTF8&spc=MToxMDM0OTc5MDU5NDM0NjYyOjE2NjkyOTc2MjA6c3BfYnRmOjIwMDkyNjI0MDIxNjk4OjowOjo&url=%2FVault-PA36-Parlor-Acoustic-Guitar%2Fdp%2FB0BJK1332J%2Fref%3Dsr_1_58_sspa%3Fkeywords%3DGuitar%26qid%3D1669297620%26qu%3DeyJxc2MiOiI1Ljc4IiwicXNhIjoiNS4yNiIsInFzcCI6IjQuMDUifQ%253D%253D%26sr%3D8-58-spons%26sp_csd%3Dd2lkZ2V0TmFtZT1zcF9idGY%26psc%3D1
62,-,"Blueberry B40L, 40"" Acoustic Guitar Kit Inbuilt Truss Rod with Bag, Strap, One Pack Strings And Picks (Classic Maroon)",-,-,"Tuesday, 29 November",In stock.,https://www.amazon.in/sspa/click?ie=UTF8&spc=MToxMDM0OTc5MDU5NDM0NjYyOjE2NjkyOTc2MjA6c3BfYnRmOjIwMDc4MzM2ODg1MTk4OjowOjo&url=%2FBlueberry-Acoustic-Inbuilt-Strings-Classic%2Fdp%2FB09VLF8B8G%2Fref%3Dsr_1_59_sspa%3Fkeywords%3DGuitar%26qid%3D1669297620%26qu%3DeyJxc2MiOiI1Ljc4IiwicXNhIjoiNS4yNiIsInFzcCI6IjQuMDUifQ%253D%253D%26sr%3D8-59-spons%26sp_csd%3Dd2lkZ2V0TmFtZT1zcF9idGY%26psc%3D1
63,-,-,-,-,-,In stock.,https://www.amazon.in/sspa/click?ie=UTF8&spc=MToxMDM0OTc5MDU5NDM0NjYyOjE2NjkyOTc2MjA6c3BfYnRmOjIwMDc3ODY4NTg3MDk4OjowOjo&url=%2FRight-Search-Dancing-Cactus-Set_CG11%2Fdp%2FB09RQ16W41%2Fref%3Dsr_1_60_sspa%3Fkeywords%3DGuitar%26qid%3D1669297620%26qu%3DeyJxc2MiOiI1Ljc4IiwicXNhIjoiNS4yNiIsInFzcCI6IjQuMDUifQ%253D%253D%26sr%3D8-60-spons%26sp_csd%3Dd2lkZ2V0TmFtZT1zcF9idGY%26psc%3D1
64,-,Yamaha 22.8 Inches Merantiwood Classical Guitar C40//02 (Brown),-,-,December 1 - 3,-,https://www.amazon.in/Yamaha-Classical-Guitar-C40-02/dp/B003UGCUFE/ref=sxbs_aspa_sqa?content-id=amzn1.sym.2c602ba1-3dc9-4456-8401-359709354e80%3Aamzn1.sym.2c602ba1-3dc9-4456-8401-359709354e80&cv_ct_cx=Guitar&keywords=Guitar&pd_rd_i=B003UGCUFE&pd_rd_r=5dc77619-35e8-4bbf-91a7-72328d560e1c&pd_rd_w=r2EaC&pd_rd_wg=LweCz&pf_rd_p=2c602ba1-3dc9-4456-8401-359709354e80&pf_rd_r=0GF77D195WDVP23HDWF8&qid=1669297620&qu=eyJxc2MiOiI1Ljc4IiwicXNhIjoiNS4yNiIsInFzcCI6IjQuMDUifQ%3D%3D&sr=1-1-93291ede-2a7a-4e75-a6c2-b89c29736263
65,-,-,-,-,-,-,https://www.amazon.in/Yamaha-C40MII-Acoustic-Concert-Guitar/dp/B005LG2JRK/ref=sxbs_aspa_sqa?content-id=amzn1.sym.2c602ba1-3dc9-4456-8401-359709354e80%3Aamzn1.sym.2c602ba1-3dc9-4456-8401-359709354e80&cv_ct_cx=Guitar&keywords=Guitar&pd_rd_i=B005LG2JRK&pd_rd_r=5dc77619-35e8-4bbf-91a7-72328d560e1c&pd_rd_w=r2EaC&pd_rd_wg=LweCz&pf_rd_p=2c602ba1-3dc9-4456-8401-359709354e80&pf_rd_r=0GF77D195WDVP23HDWF8&qid=1669297620&qu=eyJxc2MiOiI1Ljc4IiwicXNhIjoiNS4yNiIsInFzcCI6IjQuMDUifQ%3D%3D&sr=1-2-93291ede-2a7a-4e75-a6c2-b89c29736263
66,-,-,-,-,-,-,https://www.amazon.in/Yamaha-40-Strings-Classical-Guitars/dp/B000I1Q4TC/ref=sxbs_aspa_sqa?content-id=amzn1.sym.2c602ba1-3dc9-4456-8401-359709354e80%3Aamzn1.sym.2c602ba1-3dc9-4456-8401-359709354e80&cv_ct_cx=Guitar&keywords=Guitar&pd_rd_i=B000I1Q4TC&pd_rd_r=5dc77619-35e8-4bbf-91a7-72328d560e1c&pd_rd_w=r2EaC&pd_rd_wg=LweCz&pf_rd_p=2c602ba1-3dc9-4456-8401-359709354e80&pf_rd_r=0GF77D195WDVP23HDWF8&qid=1669297620&qu=eyJxc2MiOiI1Ljc4IiwicXNhIjoiNS4yNiIsInFzcCI6IjQuMDUifQ%3D%3D&sr=1-4-93291ede-2a7a-4e75-a6c2-b89c29736263
67,-,-,-,-,-,-,https://www.amazon.in/Valencia-Classical-Guitar-Natural-VC404NA/dp/B01DC31T4M/ref=sxbs_aspa_sqa?content-id=amzn1.sym.2c602ba1-3dc9-4456-8401-359709354e80%3Aamzn1.sym.2c602ba1-3dc9-4456-8401-359709354e80&cv_ct_cx=Guitar&keywords=Guitar&pd_rd_i=B01DC31T4M&pd_rd_r=5dc77619-35e8-4bbf-91a7-72328d560e1c&pd_rd_w=r2EaC&pd_rd_wg=LweCz&pf_rd_p=2c602ba1-3dc9-4456-8401-359709354e80&pf_rd_r=0GF77D195WDVP23HDWF8&qid=1669297620&qu=eyJxc2MiOiI1Ljc4IiwicXNhIjoiNS4yNiIsInFzcCI6IjQuMDUifQ%3D%3D&sr=1-5-93291ede-2a7a-4e75-a6c2-b89c29736263
68,-,-,-,-,-,-,https://www.amazon.in/Ortega-Guitars-RST5M-Classical-6-String/dp/B01MSYO8NJ/ref=sxbs_aspa_sqa?content-id=amzn1.sym.2c602ba1-3dc9-4456-8401-359709354e80%3Aamzn1.sym.2c602ba1-3dc9-4456-8401-359709354e80&cv_ct_cx=Guitar&keywords=Guitar&pd_rd_i=B01MSYO8NJ&pd_rd_r=5dc77619-35e8-4bbf-91a7-72328d560e1c&pd_rd_w=r2EaC&pd_rd_wg=LweCz&pf_rd_p=2c602ba1-3dc9-4456-8401-359709354e80&pf_rd_r=0GF77D195WDVP23HDWF8&qid=1669297620&qu=eyJxc2MiOiI1Ljc4IiwicXNhIjoiNS4yNiIsInFzcCI6IjQuMDUifQ%3D%3D&sr=1-6-93291ede-2a7a-4e75-a6c2-b89c29736263
69,-,-,-,-,-,-,https://www.amazon.in/Yamaha-Fullsized-Classic-Guitar-Finish/dp/B005B6EZ36/ref=sxbs_aspa_sqa?content-id=amzn1.sym.2c602ba1-3dc9-4456-8401-359709354e80%3Aamzn1.sym.2c602ba1-3dc9-4456-8401-359709354e80&cv_ct_cx=Guitar&keywords=Guitar&pd_rd_i=B005B6EZ36&pd_rd_r=5dc77619-35e8-4bbf-91a7-72328d560e1c&pd_rd_w=r2EaC&pd_rd_wg=LweCz&pf_rd_p=2c602ba1-3dc9-4456-8401-359709354e80&pf_rd_r=0GF77D195WDVP23HDWF8&qid=1669297620&qu=eyJxc2MiOiI1Ljc4IiwicXNhIjoiNS4yNiIsInFzcCI6IjQuMDUifQ%3D%3D&sr=1-8-93291ede-2a7a-4e75-a6c2-b89c29736263
70,-,"GUITAR BRO - COMBO (Blue Acoustic Guitar for Beginner, Guitar Learning Kit, Song Book, Video Lectures, Accessories like Pick, Bag)",-,-,November 30 - December 3,In stock.,https://www.amazon.in/sspa/click?ie=UTF8&spc=MTo4NDc3MTE5ODkyODAwOTk6MTY2OTI5NzYzMjpzcF9hdGZfbmV4dDoyMDA0OTEyOTEzNjMwMTo6MDo6&url=%2FGUITAR-BRO-Acoustic-Beginner-Accessories%2Fdp%2FB07TC7TWCR%2Fref%3Dsr_1_49_sspa%3Fkeywords%3DGuitar%26qid%3D1669297632%26qu%3DeyJxc2MiOiI1Ljc4IiwicXNhIjoiNS4yNiIsInFzcCI6IjQuMDUifQ%253D%253D%26sr%3D8-49-spons%26sp_csd%3Dd2lkZ2V0TmFtZT1zcF9hdGZfbmV4dA%26psc%3D1
71,-,"Blueberry B-D38, 38"" Acoustic Guitar Kit Inbuilt Truss Rod, with Bag, Strap, One Pack Strings And Picks (MAROON BROWN)",-,-,November 26 - 29,In stock.,https://www.amazon.in/sspa/click?ie=UTF8&spc=MTo4NDc3MTE5ODkyODAwOTk6MTY2OTI5NzYzMjpzcF9hdGZfbmV4dDoyMDA3ODMzNjg4NTA5ODo6MDo6&url=%2FBlueberry-B-D38-Acoustic-Inbuilt-Strings%2Fdp%2FB0B74CSY9V%2Fref%3Dsr_1_50_sspa%3Fkeywords%3DGuitar%26qid%3D1669297632%26qu%3DeyJxc2MiOiI1Ljc4IiwicXNhIjoiNS4yNiIsInFzcCI6IjQuMDUifQ%253D%253D%26sr%3D8-50-spons%26sp_csd%3Dd2lkZ2V0TmFtZT1zcF9hdGZfbmV4dA%26psc%3D1
72,-,"Festra R-40- Trussrod Acoustic Guitar Kit with Bag, Strap, One Pack Strings and Picks (Black)",-,-,"Tuesday, 29 November",In stock.,https://www.amazon.in/sspa/click?ie=UTF8&spc=MTo4NDc3MTE5ODkyODAwOTk6MTY2OTI5NzYzMjpzcF9hdGZfbmV4dDoyMDA3ODMzNjg4NTU5ODo6MDo6&url=%2FFestra-Trussrod-Acoustic-Guitar-Strings%2Fdp%2FB09VLBKD2M%2Fref%3Dsr_1_51_sspa%3Fkeywords%3DGuitar%26qid%3D1669297632%26qu%3DeyJxc2MiOiI1Ljc4IiwicXNhIjoiNS4yNiIsInFzcCI6IjQuMDUifQ%253D%253D%26sr%3D8-51-spons%26sp_csd%3Dd2lkZ2V0TmFtZT1zcF9hdGZfbmV4dA%26psc%3D1
73,-,Vault DA20 Dreadnought Acoustic Guitar Kit,-,-,"Tuesday, 29 November",In stock.,https://www.amazon.in/sspa/click?ie=UTF8&spc=MTo4NDc3MTE5ODkyODAwOTk6MTY2OTI5NzYzMjpzcF9hdGZfbmV4dDoyMDA5MjYyNDAyMTU5ODo6MDo6&url=%2FVault-DA20-Dreadnought-Acoustic-Guitar%2Fdp%2FB0BJJRJVHY%2Fref%3Dsr_1_52_sspa%3Fkeywords%3DGuitar%26qid%3D1669297632%26qu%3DeyJxc2MiOiI1Ljc4IiwicXNhIjoiNS4yNiIsInFzcCI6IjQuMDUifQ%253D%253D%26sr%3D8-52-spons%26sp_csd%3Dd2lkZ2V0TmFtZT1zcF9hdGZfbmV4dA%26psc%3D1
74,-,"Medellin M38 carbon fiber body 38 Incheses Acoustic Guitar (Black) Durable Matt finish With hAndrest, strings, strap, bag, 3 Picks, capo, stAnd",-,-,"Monday, 28 November",In stock.,https://www.amazon.in/Medellin-Acoustic-Guitar-Carbon-Learning/dp/B09MSGQQWX/ref=sr_1_53?keywords=Guitar&qid=1669297632&qu=eyJxc2MiOiI1Ljc4IiwicXNhIjoiNS4yNiIsInFzcCI6IjQuMDUifQ%3D%3D&sr=8-53
75,-,"Belear I280 38 Inch Black Matt Spruce Cutaway, Acoustic Guitar, with Dual Action Truss Rod",-,-,"Thursday, 1 December",In stock.,https://www.amazon.in/Belear-I280-Black-Matt-Acoustic/dp/B0BHTBLQGZ/ref=sr_1_54?keywords=Guitar&qid=1669297632&qu=eyJxc2MiOiI1Ljc4IiwicXNhIjoiNS4yNiIsInFzcCI6IjQuMDUifQ%3D%3D&sr=8-54
76,-,-,-,-,-,-,https://www.amazon.in/Cort-X100-6-String-Electric-Guitar/dp/B07QKWFTK1/ref=sr_1_55?keywords=Guitar&qid=1669297632&qu=eyJxc2MiOiI1Ljc4IiwicXNhIjoiNS4yNiIsInFzcCI6IjQuMDUifQ%3D%3D&sr=8-55
77,-,"Yamaha Electric-Acoustic Guitar FX280 Dreadnought With Mexa Sponge Guitar Bag, Belt,Plectrums (Natural)",-,-,"Wednesday, 30 November",In stock.,https://www.amazon.in/Electric-Acoustic-FX280-Dreadnought-Plectrums-Natural/dp/B09HSDVQDT/ref=sr_1_56?keywords=Guitar&qid=1669297632&qu=eyJxc2MiOiI1Ljc4IiwicXNhIjoiNS4yNiIsInFzcCI6IjQuMDUifQ%3D%3D&sr=8-56
78,-,"Hovner Carlton Special Quality Rosewood Fretboard Blue Semi Acoustic Guitar With Bag,Strap,1 Set of Extra Strings and 2 Picks By K-Retail (Blue)",-,-,"Tuesday, 29 November",In stock.,https://www.amazon.in/Carlton-Rosewood-Fretboard-Acoustic-K-Retail/dp/B07KK8P9VB/ref=sr_1_57?keywords=Guitar&qid=1669297632&qu=eyJxc2MiOiI1Ljc4IiwicXNhIjoiNS4yNiIsInFzcCI6IjQuMDUifQ%3D%3D&sr=8-57
79,-,"Ketostics Givson Venus Special Cutaway Rosewood 41 Inch Acoustic Guitar Kit with Bag, Rhythm String Set, Strap and 5 Plectrums, (red)",-,-,"Wednesday, 30 November",In stock.,https://www.amazon.in/Ketostics-Special-Rosewood-Acoustic-Plectrums/dp/B09NSYKCML/ref=sr_1_58?keywords=Guitar&qid=1669297632&qu=eyJxc2MiOiI1Ljc4IiwicXNhIjoiNS4yNiIsInFzcCI6IjQuMDUifQ%3D%3D&sr=8-58
80,-,"Blueberry R-701, 6 String Right Handed Beginner Full Size Rosewood Fret board Electric Guitar with Bag, Strap, One Set of Strings and 2 Picks (Blue)",-,-,"Tuesday, 29 November",In stock.,https://www.amazon.in/Blueberry-Beginner-Rosewood-Electric-Strings/dp/B0B8RSKTZ3/ref=sr_1_49?keywords=Guitar&qid=1669297632&qu=eyJxc2MiOiI1Ljc4IiwicXNhIjoiNS4yNiIsInFzcCI6IjQuMDUifQ%3D%3D&sr=8-49
81,-,Yamaha FS80C 25 Incheses sprucewood The Ultimate Concert Body Cutaway Acoustic Guitar (Black) With Bajaao Gig-Bag,-,-,"Wednesday, 30 November",-,https://www.amazon.in/Ultimate-Concert-Cutaway-Acoustic-Bajaao/dp/B08WHWKKV5/ref=sr_1_50?keywords=Guitar&qid=1669297632&qu=eyJxc2MiOiI1Ljc4IiwicXNhIjoiNS4yNiIsInFzcCI6IjQuMDUifQ%3D%3D&sr=8-50
82,-,"Yamaha F310-TBS Right Handed Acoustic Guitar with Cover (Tobacco Sunburst, 6-Strings)",-,-,"Tuesday, 29 November",In stock.,https://www.amazon.in/Yamaha-F310-TBS-Acoustic-Sunburst-6-Strings/dp/B01LXMFUSM/ref=sr_1_51?keywords=Guitar&qid=1669297632&qu=eyJxc2MiOiI1Ljc4IiwicXNhIjoiNS4yNiIsInFzcCI6IjQuMDUifQ%3D%3D&sr=8-51
83,-,-,-,-,-,In stock.,https://www.amazon.in/JUAREZ-Arpeggio-Acoustic-Rosewood-Fretboard/dp/B08LBHB547/ref=sr_1_52?keywords=Guitar&qid=1669297632&qu=eyJxc2MiOiI1Ljc4IiwicXNhIjoiNS4yNiIsInFzcCI6IjQuMDUifQ%3D%3D&sr=8-52
84,-,"Kadence Guitar Acoustica Series, 41” Jumbo Size 6-strings Acoustic Guitar, Spruce body with Pick Guard A311 with bag… B07JKYWGJN (KAD-A-311)",-,-,"Monday, 28 November",In stock.,https://www.amazon.in/Kadence-6-strings-Acoustic-Guitar-Natural/dp/B07JKYWGJN/ref=sr_1_53?keywords=Guitar&qid=1669297632&qu=eyJxc2MiOiI1Ljc4IiwicXNhIjoiNS4yNiIsInFzcCI6IjQuMDUifQ%3D%3D&sr=8-53
85,-,DEVICE OF URBAN INFOTECH Tuning Peg Silver for Acoustic Guitar Parts Tuners Keys Semi-closed Guitar String Tuning Pegs Tuner Machine Heads Knobs Tuning Keys for Acoustic & Electric Guitar 3R+3L(6 PCS),-,-,"Tuesday, 29 November",In stock.,https://www.amazon.in/DEVICE-URBAN-INFOTECH-Acoustic-Semi-closed/dp/B08P1JS4DF/ref=sr_1_54?keywords=Guitar&qid=1669297632&qu=eyJxc2MiOiI1Ljc4IiwicXNhIjoiNS4yNiIsInFzcCI6IjQuMDUifQ%3D%3D&sr=8-54
86,-,"Yamaha Electric-Acoustic Guitar FX280 Dreadnought With Mexa Sponge Guitar Bag, Belt,Plectrums & String Set.",-,-,"Wednesday, 30 November",In stock.,https://www.amazon.in/Yamaha-Electric-Acoustic-FX280-Dreadnought-Plectrums/dp/B09HSHNR6R/ref=sr_1_55?keywords=Guitar&qid=1669297632&qu=eyJxc2MiOiI1Ljc4IiwicXNhIjoiNS4yNiIsInFzcCI6IjQuMDUifQ%3D%3D&sr=8-55
87,-,"Vault EA20 Guitar Kit with Learn to Play Ebook, Bag, Strings, Straps, Picks, String winder & Polishing Cloth - 40 inch Cutaway Acoustic Guitar",-,-,"Monday, 28 November",In stock.,https://www.amazon.in/Strings-Straps-String-winder-Polishing/dp/B07RV9FJ2Z/ref=sr_1_56?keywords=Guitar&qid=1669297632&qu=eyJxc2MiOiI1Ljc4IiwicXNhIjoiNS4yNiIsInFzcCI6IjQuMDUifQ%3D%3D&sr=8-56
88,-,"Givson Ketostics Venus Special VS-BLK, Acoustic Guitar Combo with Cover/Bag, String Set, Belt and Picks",-,-,"Wednesday, 30 November",In stock.,https://www.amazon.in/GIVSON-KETOSTICS-VS-BLK-Strings-Acoustic/dp/B07R9ZLSNL/ref=sr_1_57?keywords=Guitar&qid=1669297632&qu=eyJxc2MiOiI1Ljc4IiwicXNhIjoiNS4yNiIsInFzcCI6IjQuMDUifQ%3D%3D&sr=8-57
89,-,"Kadence Frontier guitar with Online Guitar learning course , Wine Red Acoustic Guitar with Die Cast Keys, Set of Strings, Strap, Picks and Bag (Wine Red, Acoustic)",-,-,-,,https://www.amazon.in/Kadence-Frontier-Acoustic-Guitar-Strings/dp/B01GDZ46AA/ref=sr_1_58?keywords=Guitar&qid=1669297632&qu=eyJxc2MiOiI1Ljc4IiwicXNhIjoiNS4yNiIsInFzcCI6IjQuMDUifQ%3D%3D&sr=8-58
90,-,-,-,-,-,In stock.,https://www.amazon.in/sspa/click?ie=UTF8&spc=MTo4NDc3MTE5ODkyODAwOTk6MTY2OTI5NzYzMjpzcF9tdGY6MjAwNzgzMzY4ODg4OTg6OjA6Og&url=%2FBlueberry-38C-Acoustic-Guitar-Strings%2Fdp%2FB08KLMV4XX%2Fref%3Dsr_1_59_sspa%3Fkeywords%3DGuitar%26qid%3D1669297632%26qu%3DeyJxc2MiOiI1Ljc4IiwicXNhIjoiNS4yNiIsInFzcCI6IjQuMDUifQ%253D%253D%26sr%3D8-59-spons%26sp_csd%3Dd2lkZ2V0TmFtZT1zcF9tdGY%26psc%3D1
91,-,"Blueberry B40L, 40"" Acoustic Guitar Kit Inbuilt Truss Rod with Bag, Strap, One Pack Strings And Picks (Redburst)",-,-,"Tuesday, 29 November",In stock.,https://www.amazon.in/sspa/click?ie=UTF8&spc=MTo4NDc3MTE5ODkyODAwOTk6MTY2OTI5NzYzMjpzcF9tdGY6MjAwNzgzMzY4ODgwOTg6OjA6Og&url=%2FBlueberry-Acoustic-Guitar-Inbuilt-Strings%2Fdp%2FB07XFNQYH5%2Fref%3Dsr_1_60_sspa%3Fkeywords%3DGuitar%26qid%3D1669297632%26qu%3DeyJxc2MiOiI1Ljc4IiwicXNhIjoiNS4yNiIsInFzcCI6IjQuMDUifQ%253D%253D%26sr%3D8-60-spons%26sp_csd%3Dd2lkZ2V0TmFtZT1zcF9tdGY%26psc%3D1
92,-,-,-,-,-,In stock.,https://www.amazon.in/sspa/click?ie=UTF8&spc=MTo4NDc3MTE5ODkyODAwOTk6MTY2OTI5NzYzMjpzcF9tdGY6MjAwNzgzMzY4ODcwOTg6OjA6Og&url=%2FBlueberry-38C-Acoustic-Strings-Natural%2Fdp%2FB08KLNFL2Y%2Fref%3Dsr_1_61_sspa%3Fkeywords%3DGuitar%26qid%3D1669297632%26qu%3DeyJxc2MiOiI1Ljc4IiwicXNhIjoiNS4yNiIsInFzcCI6IjQuMDUifQ%253D%253D%26sr%3D8-61-spons%26sp_csd%3Dd2lkZ2V0TmFtZT1zcF9tdGY%26psc%3D1
93,-,"Cort AD810 Dreadnought Acoustic Guitar with Gig Bag,Tuner,Picks and Strap (Natural Bundle)",-,-,"Monday, 28 November",In stock.,https://www.amazon.in/sspa/click?ie=UTF8&spc=MTo4NDc3MTE5ODkyODAwOTk6MTY2OTI5NzYzMjpzcF9tdGY6MjAwMTk2MjU1OTIxMDQ6OjA6Og&url=%2FCort-AD810-Dreadnought-Acoustic-Guitar%2Fdp%2FB07KMBVR6V%2Fref%3Dsr_1_62_sspa%3Fkeywords%3DGuitar%26qid%3D1669297632%26qu%3DeyJxc2MiOiI1Ljc4IiwicXNhIjoiNS4yNiIsInFzcCI6IjQuMDUifQ%253D%253D%26sr%3D8-62-spons%26sp_csd%3Dd2lkZ2V0TmFtZT1zcF9tdGY%26psc%3D1%26smid%3DA2E0IZ06LXDJ9X
94,-,-,-,-,-,-,https://www.amazon.in/Yamaha-40-Strings-Classical-Guitars/dp/B000I1Q4TC/ref=sr_1_63?keywords=Guitar&qid=1669297632&qu=eyJxc2MiOiI1Ljc4IiwicXNhIjoiNS4yNiIsInFzcCI6IjQuMDUifQ%3D%3D&sr=8-63
95,-,-,-,-,-,In stock.,https://www.amazon.in/Martin-Smith-W-101-SB-PK-Acoustic-Guitar/dp/B019MY0ZGI/ref=sr_1_64?keywords=Guitar&qid=1669297632&qu=eyJxc2MiOiI1Ljc4IiwicXNhIjoiNS4yNiIsInFzcCI6IjQuMDUifQ%3D%3D&sr=8-64
96,-,"DEVICE OF URBAN INFOTECH Guitar Tuner Clip on Chromatic Digital Tuner with Guitar Capo Metal Alloy Spring Guitar Capotastos for Acoustic Guitar, Electric Guitar Violin, Ukulele, Bass with 5 Picks",-,-,"Tuesday, 29 November",In stock.,https://www.amazon.in/DEVICE-URBAN-INFOTECH-Chromatic-Capotastos/dp/B0BGBGDW1W/ref=sr_1_65?keywords=Guitar&qid=1669297632&qu=eyJxc2MiOiI1Ljc4IiwicXNhIjoiNS4yNiIsInFzcCI6IjQuMDUifQ%3D%3D&sr=8-65
97,-,-,-,-,-,In stock.,https://www.amazon.in/Acoustic-plectrums-stability-age-groups-Refreshing/dp/B09YH89RVZ/ref=sr_1_66?keywords=Guitar&qid=1669297632&qu=eyJxc2MiOiI1Ljc4IiwicXNhIjoiNS4yNiIsInFzcCI6IjQuMDUifQ%3D%3D&sr=8-66
98,-,"Medellin 38"" Acoustic Guitar premium wood with adjustable Truss-rod, free online learning course, Set Of Strings, Strap, Bag and 3 Picks (Blue Truss Rod)…",-,-,"Wednesday, 30 November",In stock.,https://www.amazon.in/Medellin-Acoustic-adjustable-Truss-rod-learning/dp/B0BML6H5HT/ref=sr_1_67?keywords=Guitar&qid=1669297632&qu=eyJxc2MiOiI1Ljc4IiwicXNhIjoiNS4yNiIsInFzcCI6IjQuMDUifQ%3D%3D&sr=8-67
99,-,"Tanglewood Crossroads TWCR OE Semi Acoustic Guitar, 6 Strings, Orchestra, Whiskey Barrel Burst Satin Finish",-,-,"Tuesday, 29 November",In stock.,https://www.amazon.in/Tanglewood-Crossroads-Acoustic-Strings-Orchestra/dp/B01IA2I0BK/ref=sr_1_68?keywords=Guitar&qid=1669297632&qu=eyJxc2MiOiI1Ljc4IiwicXNhIjoiNS4yNiIsInFzcCI6IjQuMDUifQ%3D%3D&sr=8-68
100,-,-,-,-,-,In stock.,https://www.amazon.in/JUAREZ-JRB40LN-3TS-Arpeggio-Guitar/dp/B08MW8F9VS/ref=sr_1_69?keywords=Guitar&qid=1669297632&qu=eyJxc2MiOiI1Ljc4IiwicXNhIjoiNS4yNiIsInFzcCI6IjQuMDUifQ%3D%3D&sr=8-69
101,-,"Cort AD810 Dreadnought Acoustic Guitar with Gig Bag,Tuner,Picks and Strap (Natural Bundle)",-,-,"Wednesday, 30 November",-,https://www.amazon.in/Cort-AD810-Dreadnought-Acoustic-Guitar/dp/B07KMBVR6V/ref=sr_1_70?keywords=Guitar&qid=1669297632&qu=eyJxc2MiOiI1Ljc4IiwicXNhIjoiNS4yNiIsInFzcCI6IjQuMDUifQ%3D%3D&sr=8-70
102,-,-,-,-,-,In stock.,https://www.amazon.in/JUAREZ-Arp%C3%A9ggio-Semi-Acoustic-Guitar-Equaliser/dp/B08KHMY76X/ref=sr_1_71?keywords=Guitar&qid=1669297632&qu=eyJxc2MiOiI1Ljc4IiwicXNhIjoiNS4yNiIsInFzcCI6IjQuMDUifQ%3D%3D&sr=8-71
103,-,"Henrix 38C PRO 38 Inch Cutaway Acoustic Guitar With with Die-cast Tuners, Dual-action Truss Rod, Gig-Bag, Picks, String set, String Winder, Strap & Polishing Cloth - Black",-,-,"Monday, 28 November",In stock.,https://www.amazon.in/Henrix-Cutaway-Acoustic-Die-Cast-Tuners/dp/B07KMXDXBV/ref=sr_1_72?keywords=Guitar&qid=1669297632&qu=eyJxc2MiOiI1Ljc4IiwicXNhIjoiNS4yNiIsInFzcCI6IjQuMDUifQ%3D%3D&sr=8-72
104,-,-,-,-,-,In stock.,https://www.amazon.in/Yamaha-F310-Acoustic-Guitar-Natural/dp/B08Z3C1GRM/ref=sr_1_73?keywords=Guitar&qid=1669297632&qu=eyJxc2MiOiI1Ljc4IiwicXNhIjoiNS4yNiIsInFzcCI6IjQuMDUifQ%3D%3D&sr=8-73
105,-,"Techblaze Digital Guitar Tuner with Three Picks, Digital Calibration Tuner with LCD Display for Guitar Easy to Use Highly Accurate Clip-on Electronic Tuner Specialized for Acoustic and Electric Guitar",-,-,"Tuesday, 29 November",In stock.,https://www.amazon.in/Techblaze-Calibration-Accurate-Electronic-Specialized/dp/B08334S5FD/ref=sr_1_74?keywords=Guitar&qid=1669297632&qu=eyJxc2MiOiI1Ljc4IiwicXNhIjoiNS4yNiIsInFzcCI6IjQuMDUifQ%3D%3D&sr=8-74
106,-,-,-,-,-,In stock.,https://www.amazon.in/Yamaha-Acoustic-Guitar-Tobacco-Sunburst/dp/B08Z35ZR9Y/ref=sr_1_75?keywords=Guitar&qid=1669297632&qu=eyJxc2MiOiI1Ljc4IiwicXNhIjoiNS4yNiIsInFzcCI6IjQuMDUifQ%3D%3D&sr=8-75
107,-,-,-,-,-,In stock.,https://www.amazon.in/JUAREZ-Arp%C3%A9ggio-Semi-Acoustic-Guitar-Natural/dp/B08KHFJKZK/ref=sr_1_76?keywords=Guitar&qid=1669297632&qu=eyJxc2MiOiI1Ljc4IiwicXNhIjoiNS4yNiIsInFzcCI6IjQuMDUifQ%3D%3D&sr=8-76
108,-,"Yamaha 16 Incheses wood Acoustic Guitar F280 Dreadnought With Mexa Sponge Bag Belt,Plectrums, String Set & Guitar StAnd (Natural)",-,-,"Wednesday, 30 November",In stock.,https://www.amazon.in/Acoustic-F280-Dreadnought-Plectrums-Natural/dp/B092TPXZRN/ref=sr_1_77?keywords=Guitar&qid=1669297632&qu=eyJxc2MiOiI1Ljc4IiwicXNhIjoiNS4yNiIsInFzcCI6IjQuMDUifQ%3D%3D&sr=8-77
109,-,"HRB MUSICALS 1saddle, 1 guitar nut, 6 bridge pin in black with 4 picks",-,-,"Tuesday, 29 November",In stock.,https://www.amazon.in/HRB-MUSICALS-1saddle-guitar-bridge/dp/B09LKBLT4Q/ref=sr_1_78?keywords=Guitar&qid=1669297632&qu=eyJxc2MiOiI1Ljc4IiwicXNhIjoiNS4yNiIsInFzcCI6IjQuMDUifQ%3D%3D&sr=8-78
110,-,-,-,-,-,In stock.,https://www.amazon.in/JUAREZ-JRZ-HSS01-ELECTRIC-GUITAR-SUNBURST/dp/B08QNVNM1Z/ref=sr_1_79?keywords=Guitar&qid=1669297632&qu=eyJxc2MiOiI1Ljc4IiwicXNhIjoiNS4yNiIsInFzcCI6IjQuMDUifQ%3D%3D&sr=8-79
111,-,Vault PA36 Parlor Acoustic Guitar Kit,-,-,"Tuesday, 29 November",In stock.,https://www.amazon.in/Vault-PA36-Parlor-Acoustic-Guitar/dp/B0BJK1332J/ref=sr_1_80?keywords=Guitar&qid=1669297632&qu=eyJxc2MiOiI1Ljc4IiwicXNhIjoiNS4yNiIsInFzcCI6IjQuMDUifQ%3D%3D&sr=8-80
112,-,-,-,-,-,-,https://www.amazon.in/Yamaha-PAC012-Electric-Guitar-Metallic/dp/B000MLY7XS/ref=sr_1_81?keywords=Guitar&qid=1669297632&qu=eyJxc2MiOiI1Ljc4IiwicXNhIjoiNS4yNiIsInFzcCI6IjQuMDUifQ%3D%3D&sr=8-81
113,-,"Belear I280 38 Inch Black Matt Spruce Cutaway, Acoustic Guitar, with Dual Action Truss Rod, Bag, Strap String, and Picks",-,-,"Thursday, 1 December",In stock.,https://www.amazon.in/Belear-Spruce-Cutaway-Acoustic-Guitar/dp/B0BJBRVTJB/ref=sr_1_82?keywords=Guitar&qid=1669297632&qu=eyJxc2MiOiI1Ljc4IiwicXNhIjoiNS4yNiIsInFzcCI6IjQuMDUifQ%3D%3D&sr=8-82
114,-,-,-,-,-,In stock.,https://www.amazon.in/JUAREZ-Arpeggio-Acoustic-Rosewood-Fretboard/dp/B08LBJ8PTM/ref=sr_1_83?keywords=Guitar&qid=1669297632&qu=eyJxc2MiOiI1Ljc4IiwicXNhIjoiNS4yNiIsInFzcCI6IjQuMDUifQ%3D%3D&sr=8-83
115,-,-,-,-,-,In stock.,https://www.amazon.in/Juarez-Acoustic-Guitar-Cutaway-JRZ38CT/dp/B01N3TTYJQ/ref=sr_1_84?keywords=Guitar&qid=1669297632&qu=eyJxc2MiOiI1Ljc4IiwicXNhIjoiNS4yNiIsInFzcCI6IjQuMDUifQ%3D%3D&sr=8-84
116,-,-,-,-,-,In stock.,https://www.amazon.in/PRS-Guitars-Acoustic-AXM20EGB-NA/dp/B09K5NMD7V/ref=sr_1_85?keywords=Guitar&qid=1669297632&qu=eyJxc2MiOiI1Ljc4IiwicXNhIjoiNS4yNiIsInFzcCI6IjQuMDUifQ%3D%3D&sr=8-85
117,-,"Kadence AstroMan Electric Guitar, 21 FRETS, ROSEWOOD FRETBOARD, H - S - S PICK UPS Sunburst combo with Bag, Guitar strap,guitar cable and Picks",-,-,"Wednesday, 30 November",In stock.,https://www.amazon.in/Kadence-Electric-Guitar-Rosewood-Fretboard/dp/B07BGXN7P6/ref=sr_1_86?keywords=Guitar&qid=1669297632&qu=eyJxc2MiOiI1Ljc4IiwicXNhIjoiNS4yNiIsInFzcCI6IjQuMDUifQ%3D%3D&sr=8-86
118,-,-,-,-,-,In stock.,https://www.amazon.in/Martin-Smith-W-101-BK-PK-Acoustic-Guitar/dp/B019MY0YE6/ref=sr_1_87?keywords=Guitar&qid=1669297632&qu=eyJxc2MiOiI1Ljc4IiwicXNhIjoiNS4yNiIsInFzcCI6IjQuMDUifQ%3D%3D&sr=8-87
119,-,"Kadence Slowhand Premium Jumbo Semi Acoustic Guitar with Heavy Padded Bag, guitar cable, Pro Capo (Black Spruce Wood)",-,-,-,,https://www.amazon.in/Kadence-Slowhand-Premium-Acoustic-Instrument/dp/B077SZ667X/ref=sr_1_88?keywords=Guitar&qid=1669297632&qu=eyJxc2MiOiI1Ljc4IiwicXNhIjoiNS4yNiIsInFzcCI6IjQuMDUifQ%3D%3D&sr=8-88
120,-,"Yamaha Electric-Acoustic Guitar FSX80C Dreadnought With With Mexa Sponge Bag, Guitar Belt, Guitar Stand, String Set & Plectrums.(NT)",-,-,"Wednesday, 30 November",-,https://www.amazon.in/Yamaha-Electric-Acoustic-FSX80C-Dreadnought-Plectrums/dp/B09HSJ6GPQ/ref=sr_1_89?keywords=Guitar&qid=1669297632&qu=eyJxc2MiOiI1Ljc4IiwicXNhIjoiNS4yNiIsInFzcCI6IjQuMDUifQ%3D%3D&sr=8-89
121,-,-,-,-,-,In stock.,https://www.amazon.in/FENDER-CD60SCE-NAT-Dreadnought-Spruce-Semi-Acoustic/dp/B01MSBHU7X/ref=sr_1_90?keywords=Guitar&qid=1669297632&qu=eyJxc2MiOiI1Ljc4IiwicXNhIjoiNS4yNiIsInFzcCI6IjQuMDUifQ%3D%3D&sr=8-90
122,-,Fender SA-150C dreadnought Squier Guitar Cutway Natural,-,-,"Monday, 28 November",In stock.,https://www.amazon.in/Fender-SA-150C-dreadnought-Squier-Natural/dp/B07YX5N6LC/ref=sr_1_91?keywords=Guitar&qid=1669297632&qu=eyJxc2MiOiI1Ljc4IiwicXNhIjoiNS4yNiIsInFzcCI6IjQuMDUifQ%3D%3D&sr=8-91
123,-,-,-,-,-,-,https://www.amazon.in/YAMAHA-FS80C-CONCERT-CUTAWAY-GUITAR/dp/B08WBBVMVJ/ref=sr_1_92?keywords=Guitar&qid=1669297632&qu=eyJxc2MiOiI1Ljc4IiwicXNhIjoiNS4yNiIsInFzcCI6IjQuMDUifQ%3D%3D&sr=8-92
124,-,"Fender Squier 310005532 25.5 Inches Lindenwood Bullet Fat Stratocaster Right Handed Electric Guitar (Own Sunburst, Brown, 6 Strings)",-,-,"Tuesday, 29 November",In stock.,https://www.amazon.in/Fender-310005532-Stratocaster-Electric-6-Strings/dp/B003AQ1PZU/ref=sr_1_93?keywords=Guitar&qid=1669297632&qu=eyJxc2MiOiI1Ljc4IiwicXNhIjoiNS4yNiIsInFzcCI6IjQuMDUifQ%3D%3D&sr=8-93
125,-,"Kadence Astro Man Electric Guitar, 24 FRETS, H- S - S PICK UPS Walnut Top with Alder wood Back and Sides (white) With Amplifier",-,-,"Wednesday, 30 November",In stock.,https://www.amazon.in/Kadence-Astro-Electric-Guitar-FRETS/dp/B09YHPH1MZ/ref=sr_1_94?keywords=Guitar&qid=1669297632&qu=eyJxc2MiOiI1Ljc4IiwicXNhIjoiNS4yNiIsInFzcCI6IjQuMDUifQ%3D%3D&sr=8-94
126,-,-,-,-,-,In stock.,https://www.amazon.in/sspa/click?ie=UTF8&spc=MTo4NDc3MTE5ODkyODAwOTk6MTY2OTI5NzYzMjpzcF9idGY6MjAwNzgzMzY4ODkwOTg6OjA6Og&url=%2FBlueberry-Acoustic-Guitar-Strings-Picks%2Fdp%2FB08L7NQB57%2Fref%3Dsr_1_95_sspa%3Fkeywords%3DGuitar%26qid%3D1669297632%26qu%3DeyJxc2MiOiI1Ljc4IiwicXNhIjoiNS4yNiIsInFzcCI6IjQuMDUifQ%253D%253D%26sr%3D8-95-spons%26sp_csd%3Dd2lkZ2V0TmFtZT1zcF9idGY%26psc%3D1
127,-,-,-,-,-,In stock.,https://www.amazon.in/sspa/click?ie=UTF8&spc=MTo4NDc3MTE5ODkyODAwOTk6MTY2OTI5NzYzMjpzcF9idGY6MjAwNTc4MTczNjg4OTg6OjA6Og&url=%2FMustang-Strings-Changing-Including-Beginner%2Fdp%2FB07S19LGLR%2Fref%3Dsr_1_96_sspa%3Fkeywords%3DGuitar%26qid%3D1669297632%26qu%3DeyJxc2MiOiI1Ljc4IiwicXNhIjoiNS4yNiIsInFzcCI6IjQuMDUifQ%253D%253D%26sr%3D8-96-spons%26sp_csd%3Dd2lkZ2V0TmFtZT1zcF9idGY%26psc%3D1
128,-,-,-,-,-,In stock.,https://www.amazon.in/sspa/click?ie=UTF8&spc=MTo4NDc3MTE5ODkyODAwOTk6MTY2OTI5NzYzMjpzcF9idGY6MjAwNzgzMzY4ODc4OTg6OjA6Og&url=%2FBlueberry-Acoustic-Guitar-inbuilt-Truss-rod%2Fdp%2FB08T8HW3K7%2Fref%3Dsr_1_97_sspa%3Fkeywords%3DGuitar%26qid%3D1669297632%26qu%3DeyJxc2MiOiI1Ljc4IiwicXNhIjoiNS4yNiIsInFzcCI6IjQuMDUifQ%253D%253D%26sr%3D8-97-spons%26sp_csd%3Dd2lkZ2V0TmFtZT1zcF9idGY%26psc%3D1
129,-,-,-,-,-,In stock.,https://www.amazon.in/sspa/click?ie=UTF8&spc=MTo4NDc3MTE5ODkyODAwOTk6MTY2OTI5NzYzMjpzcF9idGY6MjAwOTU0NTE1MTEzOTg6OjA6Og&url=%2FEnterprise-Acoustic-Instrument-Educational-Beginners%2Fdp%2FB0BMVT727Y%2Fref%3Dsr_1_98_sspa%3Fkeywords%3DGuitar%26qid%3D1669297632%26qu%3DeyJxc2MiOiI1Ljc4IiwicXNhIjoiNS4yNiIsInFzcCI6IjQuMDUifQ%253D%253D%26sr%3D8-98-spons%26sp_csd%3Dd2lkZ2V0TmFtZT1zcF9idGY%26psc%3D1
130,-,"Festra 38C, 38 Inch Acoustic Guitar Kit with Bag, Strap, One Pack Strings And 2 Picks (Acoustic 38C (38 Inch) Guitar Kit, Natural)",-,-,"Tuesday, 29 November",In stock.,https://www.amazon.in/sspa/click?ie=UTF8&spc=MTo4MDQzNTQ3ODg4Mzk4NTY6MTY2OTI5NzY0MTpzcF9hdGZfbmV4dDoyMDA3ODMzNjg4ODI5ODo6MDo6&url=%2FFestra-38C-Acoustic-Strings-Natural%2Fdp%2FB09JT6C952%2Fref%3Dsr_1_97_sspa%3Fkeywords%3DGuitar%26qid%3D1669297641%26qu%3DeyJxc2MiOiI1Ljc4IiwicXNhIjoiNS4yNiIsInFzcCI6IjQuMDUifQ%253D%253D%26sr%3D8-97-spons%26sp_csd%3Dd2lkZ2V0TmFtZT1zcF9hdGZfbmV4dA%26psc%3D1
131,-,"Blueberry R-40, Acoustic Guitar Kit Inbuilt Truss Rod with Bag, Strap, One Pack Strings And Picks (Redburst)",-,-,"Tuesday, 29 November",In stock.,https://www.amazon.in/sspa/click?ie=UTF8&spc=MTo4MDQzNTQ3ODg4Mzk4NTY6MTY2OTI5NzY0MTpzcF9hdGZfbmV4dDoyMDA3ODMzNjg4NTI5ODo6MDo6&url=%2FBlueberry-R-40-Acoustic-Inbuilt-Redburst%2Fdp%2FB09YDH39TB%2Fref%3Dsr_1_98_sspa%3Fkeywords%3DGuitar%26qid%3D1669297641%26qu%3DeyJxc2MiOiI1Ljc4IiwicXNhIjoiNS4yNiIsInFzcCI6IjQuMDUifQ%253D%253D%26sr%3D8-98-spons%26sp_csd%3Dd2lkZ2V0TmFtZT1zcF9hdGZfbmV4dA%26psc%3D1
132,-,"Blueberry B40, 40 Inch Acoustic Guitar Kit inbuilt Truss Rod, with Bag, Strap, One Pack Strings and Picks (Natural)",-,-,"Tuesday, 29 November",In stock.,https://www.amazon.in/sspa/click?ie=UTF8&spc=MTo4MDQzNTQ3ODg4Mzk4NTY6MTY2OTI5NzY0MTpzcF9hdGZfbmV4dDoyMDA3ODMzNjg4NzM5ODo6MDo6&url=%2FBlueberry-Acoustic-inbuilt-Strings-Natural%2Fdp%2FB07PLK46LR%2Fref%3Dsr_1_99_sspa%3Fkeywords%3DGuitar%26qid%3D1669297641%26qu%3DeyJxc2MiOiI1Ljc4IiwicXNhIjoiNS4yNiIsInFzcCI6IjQuMDUifQ%253D%253D%26sr%3D8-99-spons%26sp_csd%3Dd2lkZ2V0TmFtZT1zcF9hdGZfbmV4dA%26psc%3D1
133,-,-,-,-,-,In stock.,https://www.amazon.in/sspa/click?ie=UTF8&spc=MTo4MDQzNTQ3ODg4Mzk4NTY6MTY2OTI5NzY0MTpzcF9hdGZfbmV4dDoyMDA3Nzg2ODU4NjI5ODo6MDo6&url=%2FRight-Search-Mini-Musical-Guitar%2Fdp%2FB0B6FJNP9S%2Fref%3Dsr_1_100_sspa%3Fkeywords%3DGuitar%26qid%3D1669297641%26qu%3DeyJxc2MiOiI1Ljc4IiwicXNhIjoiNS4yNiIsInFzcCI6IjQuMDUifQ%253D%253D%26sr%3D8-100-spons%26sp_csd%3Dd2lkZ2V0TmFtZT1zcF9hdGZfbmV4dA%26psc%3D1
134,-,-,-,-,-,-,https://www.amazon.in/Yamaha-C40MII-Acoustic-Concert-Guitar/dp/B005LG2JRK/ref=sr_1_101?keywords=Guitar&qid=1669297641&qu=eyJxc2MiOiI1Ljc4IiwicXNhIjoiNS4yNiIsInFzcCI6IjQuMDUifQ%3D%3D&sr=8-101
135,-,DEVICE OF URBAN INFOTECH Guitar Tuner 360 degree Digital Tuner Easy to Use Highly Accurate Clip-on Tuner Best for Acoustic and Electric Guitar Bass Violin Ukulele With Capo & 5 Picks(Design may very),-,-,"Tuesday, 29 November",In stock.,https://www.amazon.in/DEVICE-URBAN-INFOTECH-Accurate-Acoustic/dp/B08BZXMJTP/ref=sr_1_102?keywords=Guitar&qid=1669297641&qu=eyJxc2MiOiI1Ljc4IiwicXNhIjoiNS4yNiIsInFzcCI6IjQuMDUifQ%3D%3D&sr=8-102
136,-,-,-,-,-,In stock.,https://www.amazon.in/JUAREZ-Arpeggio-Guitar-JRA39SR-BK-K-black/dp/B08MW9VM8Y/ref=sr_1_103?keywords=Guitar&qid=1669297641&qu=eyJxc2MiOiI1Ljc4IiwicXNhIjoiNS4yNiIsInFzcCI6IjQuMDUifQ%3D%3D&sr=8-103
137,-,"Kadence Astro Man 36 Inches Electric Guitar, 21 FRETS, ROSEWOOD FRETBOARD, SSS PICK UPS Sunburst",-,-,"Wednesday, 30 November",In stock.,https://www.amazon.in/Kadence-Inches-Electric-ROSEWOOD-FRETBOARD/dp/B07L5D8PT7/ref=sr_1_104?keywords=Guitar&qid=1669297641&qu=eyJxc2MiOiI1Ljc4IiwicXNhIjoiNS4yNiIsInFzcCI6IjQuMDUifQ%3D%3D&sr=8-104
138,-,"Tanglewood Roadster II TWR2 TE Semi Acoustic Guitar, 6 Strings, Travel, Natural Satin Finish",-,-,"Tuesday, 29 November",In stock.,https://www.amazon.in/Tanglewood-Roadster-TWR2-TE-Acoustic/dp/B07HKF5YNW/ref=sr_1_105?keywords=Guitar&qid=1669297641&qu=eyJxc2MiOiI1Ljc4IiwicXNhIjoiNS4yNiIsInFzcCI6IjQuMDUifQ%3D%3D&sr=8-105
139,-,-,-,-,-,In stock.,https://www.amazon.in/Cort-CAP810-OP-Acoustic-Plectrums-Complete/dp/B08D7SWGG5/ref=sr_1_106?keywords=Guitar&qid=1669297641&qu=eyJxc2MiOiI1Ljc4IiwicXNhIjoiNS4yNiIsInFzcCI6IjQuMDUifQ%3D%3D&sr=8-106
140,-,"Blueberry B-38C-Brown 38 Inch Acoustic Guitar Kit with Bag, Strap, One Pack Strings And 2 Picks",-,-,"Tuesday, 29 November",In stock.,https://www.amazon.in/Blueberry-B-38C-Brown-Acoustic-Guitar-Strings/dp/B0B71BHDGQ/ref=sr_1_107?keywords=Guitar&qid=1669297641&qu=eyJxc2MiOiI1Ljc4IiwicXNhIjoiNS4yNiIsInFzcCI6IjQuMDUifQ%3D%3D&sr=8-107
141,-,"Tanglewood Crossroads TWCR SFCE Semi Acoustic Guitar, 6 Strings, Super Folk Cutaway, Whiskey Barrel Burst Satin Finish",-,-,"Tuesday, 29 November",-,https://www.amazon.in/Tanglewood-Crossroads-TWCR-SFCE-Acoustic/dp/B01M7R9JOT/ref=sr_1_108?keywords=Guitar&qid=1669297641&qu=eyJxc2MiOiI1Ljc4IiwicXNhIjoiNS4yNiIsInFzcCI6IjQuMDUifQ%3D%3D&sr=8-108
142,-,-,-,-,-,In stock.,https://www.amazon.in/Ibanez-IBA-MD39CNT-Acoustic-Guitar-MD39C-NT/dp/B07G4CCMYL/ref=sr_1_109?keywords=Guitar&qid=1669297641&qu=eyJxc2MiOiI1Ljc4IiwicXNhIjoiNS4yNiIsInFzcCI6IjQuMDUifQ%3D%3D&sr=8-109
143,-,-,-,-,-,In stock.,https://www.amazon.in/Acoustic-Humidity-resistant-resonance-Plectrums/dp/B09RQZG25Q/ref=sr_1_110?keywords=Guitar&qid=1669297641&qu=eyJxc2MiOiI1Ljc4IiwicXNhIjoiNS4yNiIsInFzcCI6IjQuMDUifQ%3D%3D&sr=8-110
144,-,"Kadence Frontier Series Semi Acoustic Guitar With Die Cast Keys Natural Super Combo, Capo, Bag, strap, strings and 3 picks)",-,-,"Wednesday, 30 November",In stock.,https://www.amazon.in/Kadence-Frontier-Acoustic-Equalizer-Foldable/dp/B01I50UMPO/ref=sr_1_111?keywords=Guitar&qid=1669297641&qu=eyJxc2MiOiI1Ljc4IiwicXNhIjoiNS4yNiIsInFzcCI6IjQuMDUifQ%3D%3D&sr=8-111
145,-,-,-,-,-,In stock.,https://www.amazon.in/Blueberry-Acoustic-Guitar-Strings-Picks/dp/B08L7NQB57/ref=sr_1_112?keywords=Guitar&qid=1669297641&qu=eyJxc2MiOiI1Ljc4IiwicXNhIjoiNS4yNiIsInFzcCI6IjQuMDUifQ%3D%3D&sr=8-112
146,-,-,-,-,-,In stock.,https://www.amazon.in/Yamaha-6-String-Acoustic-Right-Handed-Sunburst/dp/B000WITGQO/ref=sr_1_113?keywords=Guitar&qid=1669297641&qu=eyJxc2MiOiI1Ljc4IiwicXNhIjoiNS4yNiIsInFzcCI6IjQuMDUifQ%3D%3D&sr=8-113
147,-,Revel 38 Inches Cutaway Design Acoustic Guitar with Carry bag and Plectrums. Great tone and Beginner/Learners standard size configuration for all age groups (White),-,-,"Sunday, 27 November",In stock.,https://www.amazon.in/Acoustic-Plectrums-Beginner-Learners-configuration/dp/B09W5TQD6G/ref=sr_1_114?keywords=Guitar&qid=1669297641&qu=eyJxc2MiOiI1Ljc4IiwicXNhIjoiNS4yNiIsInFzcCI6IjQuMDUifQ%3D%3D&sr=8-114
148,-,Intern INT-38C Natural Linden Wood Acoustic Guitar Kit with Carry Bag & Picks,-,-,"Tuesday, 29 November",In stock.,https://www.amazon.in/Intern-INT-38C-Natural-Acoustic-Guitar/dp/B07X4LPJ6H/ref=sr_1_115?keywords=Guitar&qid=1669297641&qu=eyJxc2MiOiI1Ljc4IiwicXNhIjoiNS4yNiIsInFzcCI6IjQuMDUifQ%3D%3D&sr=8-115
149,-,Cort AD Mini M-OP Acoustic Guitar With Bag,-,-,"Thursday, 1 December",-,https://www.amazon.in/Cort-Mini-M-OP-Acoustic-Guitar/dp/B07QLSQC3H/ref=sr_1_116?keywords=Guitar&qid=1669297641&qu=eyJxc2MiOiI1Ljc4IiwicXNhIjoiNS4yNiIsInFzcCI6IjQuMDUifQ%3D%3D&sr=8-116
150,-,-,-,-,-,In stock.,https://www.amazon.in/sspa/click?ie=UTF8&spc=MTo4MDQzNTQ3ODg4Mzk4NTY6MTY2OTI5NzY0MTpzcF9tdGY6MjAwOTU2Mjg3NjA3OTg6OjA6Og&url=%2FRadhe-Mart-Instrument-Educational-Beginners%2Fdp%2FB0BMXKYZ25%2Fref%3Dsr_1_117_sspa%3Fkeywords%3DGuitar%26qid%3D1669297641%26qu%3DeyJxc2MiOiI1Ljc4IiwicXNhIjoiNS4yNiIsInFzcCI6IjQuMDUifQ%253D%253D%26sr%3D8-117-spons%26sp_csd%3Dd2lkZ2V0TmFtZT1zcF9tdGY%26psc%3D1
151,-,"Blueberry 38C, 38"" Acoustic Guitar Kit with Bag, Strap, One Pack Strings And Picks (Sunburst)",-,-,"Tuesday, 29 November",In stock.,https://www.amazon.in/sspa/click?ie=UTF8&spc=MTo4MDQzNTQ3ODg4Mzk4NTY6MTY2OTI5NzY0MTpzcF9tdGY6MjAwNzgzMzY4ODg0OTg6OjA6Og&url=%2FBlueberry-38C-Acoustic-Strings-Sunburst%2Fdp%2FB08KLMQN88%2Fref%3Dsr_1_118_sspa%3Fkeywords%3DGuitar%26qid%3D1669297641%26qu%3DeyJxc2MiOiI1Ljc4IiwicXNhIjoiNS4yNiIsInFzcCI6IjQuMDUifQ%253D%253D%26sr%3D8-118-spons%26sp_csd%3Dd2lkZ2V0TmFtZT1zcF9tdGY%26psc%3D1
152,-,"SG Musical - Guitar Belt, Rubber Guitar Pick Holder, 4 picks, 4 silicon fingers",-,-,"Thursday, 1 December",In stock.,https://www.amazon.in/sspa/click?ie=UTF8&spc=MTo4MDQzNTQ3ODg4Mzk4NTY6MTY2OTI5NzY0MTpzcF9tdGY6MjAwNzUwOTc2MjY2OTg6OjA6Og&url=%2FSG-Musical-Guitar-silicon-fingers%2Fdp%2FB0BD4B826N%2Fref%3Dsr_1_119_sspa%3Fkeywords%3DGuitar%26qid%3D1669297641%26qu%3DeyJxc2MiOiI1Ljc4IiwicXNhIjoiNS4yNiIsInFzcCI6IjQuMDUifQ%253D%253D%26sr%3D8-119-spons%26sp_csd%3Dd2lkZ2V0TmFtZT1zcF9tdGY%26psc%3D1
153,-,"Blueberry B-G41S, 41 Inch Acoustic Guitar Kit, with Bag,Belt, One Pack Strings And Picks (Natural)",-,-,"Tuesday, 29 November",-,https://www.amazon.in/sspa/click?ie=UTF8&spc=MTo4MDQzNTQ3ODg4Mzk4NTY6MTY2OTI5NzY0MTpzcF9tdGY6MjAwNzgzMzY4ODg1OTg6OjA6Og&url=%2FBlueberry-B-G41S-Acoustic-Strings-Natural%2Fdp%2FB07PKQGF2N%2Fref%3Dsr_1_120_sspa%3Fkeywords%3DGuitar%26qid%3D1669297641%26qu%3DeyJxc2MiOiI1Ljc4IiwicXNhIjoiNS4yNiIsInFzcCI6IjQuMDUifQ%253D%253D%26sr%3D8-120-spons%26sp_csd%3Dd2lkZ2V0TmFtZT1zcF9tdGY%26psc%3D1
154,-,Intern INT-38C Acoustic Guitar Kit (Natural),-,-,"Tuesday, 29 November",In stock.,https://www.amazon.in/Intern-INT-38C-Acoustic-Guitar-Natural/dp/B073B4D22T/ref=sr_1_121?keywords=Guitar&qid=1669297641&qu=eyJxc2MiOiI1Ljc4IiwicXNhIjoiNS4yNiIsInFzcCI6IjQuMDUifQ%3D%3D&sr=8-121
155,-,"Fender SA105CE Electric Acoustic Guitar With Bag, Belt & Plectrums Combo Pack (BK)",-,-,"Thursday, 1 December",In stock.,https://www.amazon.in/Fender-SA105CE-Electric-Acoustic-Plectrums/dp/B08P8KQ87F/ref=sr_1_122?keywords=Guitar&qid=1669297641&qu=eyJxc2MiOiI1Ljc4IiwicXNhIjoiNS4yNiIsInFzcCI6IjQuMDUifQ%3D%3D&sr=8-122
156,-,"Kadence, Chronicle Series Electric Bass Guitar, Natural Ash Wood with P-J Pickup, 2 Tone and 2 Volume Control",-,-,"Wednesday, 30 November",In stock.,https://www.amazon.in/Kadence-Chronicle-Electric-Natural-Control/dp/B071YF4P7D/ref=sr_1_123?keywords=Guitar&qid=1669297641&qu=eyJxc2MiOiI1Ljc4IiwicXNhIjoiNS4yNiIsInFzcCI6IjQuMDUifQ%3D%3D&sr=8-123
157,-,"Kadence, Chronicle Series Electric Bass Guitar, Black Ash Wood with P-J Pickup, 2 Tone and 2 Volume Control",-,-,"Wednesday, 30 November",In stock.,https://www.amazon.in/Kadence-Chronicle-Electric-Guitar-Control/dp/B071Y4NM7V/ref=sr_1_124?keywords=Guitar&qid=1669297641&qu=eyJxc2MiOiI1Ljc4IiwicXNhIjoiNS4yNiIsInFzcCI6IjQuMDUifQ%3D%3D&sr=8-124
158,-,"Givson Venus Special Cutaway Rosewood 41 Inch Acoustic Guitar Kit with Bag, Rhythm String Set, Strap and 5 Plectrums, (blue)",-,-,"Wednesday, 30 November",In stock.,https://www.amazon.in/Special-Cutaway-Rosewood-Acoustic-Plectrums/dp/B09P41RQSQ/ref=sr_1_125?keywords=Guitar&qid=1669297641&qu=eyJxc2MiOiI1Ljc4IiwicXNhIjoiNS4yNiIsInFzcCI6IjQuMDUifQ%3D%3D&sr=8-125
159,-,-,-,-,-,,https://www.amazon.in/Pluto-HW34-101-Acoustic-Guitar-Kids/dp/B00PNDAQOY/ref=sr_1_126?keywords=Guitar&qid=1669297641&qu=eyJxc2MiOiI1Ljc4IiwicXNhIjoiNS4yNiIsInFzcCI6IjQuMDUifQ%3D%3D&sr=8-126
160,-,-,-,-,-,-,https://www.amazon.in/Yamaha-PACIFICA012-Electric-Guitar-Metallic/dp/B00REF6CII/ref=sr_1_127?keywords=Guitar&qid=1669297641&qu=eyJxc2MiOiI1Ljc4IiwicXNhIjoiNS4yNiIsInFzcCI6IjQuMDUifQ%3D%3D&sr=8-127
161,-,-,-,-,-,In stock.,https://www.amazon.in/Cort-SFX-MEM-Electro-Acoustic-Guitar/dp/B0915ZCZWK/ref=sr_1_128?keywords=Guitar&qid=1669297641&qu=eyJxc2MiOiI1Ljc4IiwicXNhIjoiNS4yNiIsInFzcCI6IjQuMDUifQ%3D%3D&sr=8-128
162,-,"Kadence 39” Classical Guitar Nylon Strings Acoustic Guitar with Truss Rod for Beginner Professional With Bag (30"" 1/4 Acoustic GL03)",-,-,"Wednesday, 30 November",In stock.,https://www.amazon.in/Kadence-Classical-Acoustic-Beginner-Professional/dp/B09V2QB1Q5/ref=sr_1_129?keywords=Guitar&qid=1669297641&qu=eyJxc2MiOiI1Ljc4IiwicXNhIjoiNS4yNiIsInFzcCI6IjQuMDUifQ%3D%3D&sr=8-129
163,-,-,-,-,-,In stock.,https://www.amazon.in/JUAREZ-Arpeggio-Guitar-JRA41SP-RD-K-red/dp/B08MW8CWG8/ref=sr_1_130?keywords=Guitar&qid=1669297641&qu=eyJxc2MiOiI1Ljc4IiwicXNhIjoiNS4yNiIsInFzcCI6IjQuMDUifQ%3D%3D&sr=8-130
164,-,"Intern INT-38C-VT-G 38 Incheses Cutaway Right HAnded lindenwood Acoustic Guitar Kit, With Bag, Strings, Pick And Strap (Violet, 6-Strings)",-,-,"Monday, 28 November",In stock.,https://www.amazon.in/Intern-INT-38C-VT-G-Guitar-Kit-Violet/dp/B07K8YJXKL/ref=sr_1_131?keywords=Guitar&qid=1669297641&qu=eyJxc2MiOiI1Ljc4IiwicXNhIjoiNS4yNiIsInFzcCI6IjQuMDUifQ%3D%3D&sr=8-131
165,-,Yamaha PACIFICA012 Electric Guitar - Black,-,-,"Wednesday, 30 November",In stock.,https://www.amazon.in/Yamaha-Pacifica-PAC012-Electric-Guitar/dp/B00123DQT6/ref=sr_1_132?keywords=Guitar&qid=1669297641&qu=eyJxc2MiOiI1Ljc4IiwicXNhIjoiNS4yNiIsInFzcCI6IjQuMDUifQ%3D%3D&sr=8-132
166,-,"Givson Venus Special Cutaway Rosewood 41 Inch Acoustic Semi Electric Guitar Kit with Bag, Rhythm String Set, Strap and 5 Plectrums, (Black)",-,-,"Wednesday, 30 November",In stock.,https://www.amazon.in/Special-Rosewood-Acoustic-Electric-Plectrums/dp/B09P3YMHCD/ref=sr_1_133?keywords=Guitar&qid=1669297641&qu=eyJxc2MiOiI1Ljc4IiwicXNhIjoiNS4yNiIsInFzcCI6IjQuMDUifQ%3D%3D&sr=8-133
167,-,-,-,-,-,In stock.,https://www.amazon.in/Yamaha-FS100C-Acoustic-Guitar-Natural/dp/B08Z3DVN8N/ref=sr_1_134?keywords=Guitar&qid=1669297641&qu=eyJxc2MiOiI1Ljc4IiwicXNhIjoiNS4yNiIsInFzcCI6IjQuMDUifQ%3D%3D&sr=8-134
168,-,Yamaha 22.8 Inches Merantiwood Classical Guitar C40//02 (Brown),-,-,December 1 - 3,-,https://www.amazon.in/Yamaha-Classical-Guitar-C40-02/dp/B003UGCUFE/ref=sr_1_135?keywords=Guitar&qid=1669297641&qu=eyJxc2MiOiI1Ljc4IiwicXNhIjoiNS4yNiIsInFzcCI6IjQuMDUifQ%3D%3D&sr=8-135
169,-,Pluto HW39-201P Electro Acoustic Guitar - Rosewood Fretboard - Black,-,-,"Tuesday, 29 November",-,https://www.amazon.in/Pluto-HW39-201P-Electro-Acoustic-Guitar/dp/B08W8QY54C/ref=sr_1_136?keywords=Guitar&qid=1669297641&qu=eyJxc2MiOiI1Ljc4IiwicXNhIjoiNS4yNiIsInFzcCI6IjQuMDUifQ%3D%3D&sr=8-136
170,-,"HRB MUSICALS® 50 Pcs Guitar String Tool Kit Including 3 Guitar Strings SET, 1 Guitar Tuner, 15 Picks, 1 black Capo with Pins remover, 1 pick holder, 12 Guitar pins, 1 guitar Cutter and 1 Winder",-,-,"Tuesday, 29 November",In stock.,https://www.amazon.in/MUSICALS%C2%AE-Guitar-Including-Strings-remover/dp/B082Q6C28F/ref=sr_1_137?keywords=Guitar&qid=1669297641&qu=eyJxc2MiOiI1Ljc4IiwicXNhIjoiNS4yNiIsInFzcCI6IjQuMDUifQ%3D%3D&sr=8-137
171,-,Cort GA-MEDX Electro Acoustic Guitar With Bag.(OP),-,-,"Wednesday, 30 November",-,https://www.amazon.in/Cort-GA-MEDX-Electro-Acoustic-Guitar/dp/B09Y3FVX6Y/ref=sr_1_138?keywords=Guitar&qid=1669297641&qu=eyJxc2MiOiI1Ljc4IiwicXNhIjoiNS4yNiIsInFzcCI6IjQuMDUifQ%3D%3D&sr=8-138
172,-,"Fender SA105CE Electric Acoustic Guitar Dreadnought With Bag, Belt & Plectrums Combo Pack (SB)",-,-,"Wednesday, 30 November",In stock.,https://www.amazon.in/Fender-Electric-Acoustic-Dreadnought-Plectrums/dp/B08CTGTV96/ref=sr_1_139?keywords=Guitar&qid=1669297641&qu=eyJxc2MiOiI1Ljc4IiwicXNhIjoiNS4yNiIsInFzcCI6IjQuMDUifQ%3D%3D&sr=8-139
173,-,"Yamaha FS80C Acoustic Guitar Cutaway Concert Body With Mexa Sponge Bag, Guitar Belt, Guitar Stand, String Set & Plectrums.(BK)",-,-,"Wednesday, 30 November",-,https://www.amazon.in/FS80C-Acoustic-Cutaway-Concert-Plectrums/dp/B09HSHGD3B/ref=sr_1_140?keywords=Guitar&qid=1669297641&qu=eyJxc2MiOiI1Ljc4IiwicXNhIjoiNS4yNiIsInFzcCI6IjQuMDUifQ%3D%3D&sr=8-140
174,-,"Blueberry B-D38 38 Incheses wood Acoustic Guitar Kit Inbuilt Truss Rod With Bag, Strap, One Pack Strings And Picks (Blue)",-,-,"Tuesday, 29 November",In stock.,https://www.amazon.in/Blueberry-B-D38-Acoustic-Inbuilt-Strings/dp/B07PHYZZP1/ref=sr_1_141?keywords=Guitar&qid=1669297641&qu=eyJxc2MiOiI1Ljc4IiwicXNhIjoiNS4yNiIsInFzcCI6IjQuMDUifQ%3D%3D&sr=8-141
175,-,"Wooden Miniature Guitar, Stylish Long Service Life Steel-String Acoustic Guitars for Home Office Decoration",-,-,December 12 - 15,In stock.,https://www.amazon.in/Miniature-Stylish-Steel-String-Acoustic-Decoration/dp/B09NVZLX9J/ref=sr_1_142?keywords=Guitar&qid=1669297641&qu=eyJxc2MiOiI1Ljc4IiwicXNhIjoiNS4yNiIsInFzcCI6IjQuMDUifQ%3D%3D&sr=8-142
176,-,"Tanglewood - 'TW4 E VC KOA' Winterleaf Series, Solid Top, Electro Acoustic Guitar With Fishman Presys Pickup",-,-,"Tuesday, 29 November",In stock.,https://www.amazon.in/Tanglewood-Winterleaf-Electro-Acoustic-Fishman/dp/B07KN9DRR6/ref=sr_1_143?keywords=Guitar&qid=1669297641&qu=eyJxc2MiOiI1Ljc4IiwicXNhIjoiNS4yNiIsInFzcCI6IjQuMDUifQ%3D%3D&sr=8-143
177,-,"Kadence 40 Incheses Frontier Series, rosewood Semi Acoustic Guitar With Die Cast Keys (Bag,Strap,Strings And 3 Picks) (Natural)",-,-,"Monday, 28 November",In stock.,https://www.amazon.in/Kadence-Frontier-Acoustic-Natural-Equalizer/dp/B01I50UJG6/ref=sr_1_144?keywords=Guitar&qid=1669297641&qu=eyJxc2MiOiI1Ljc4IiwicXNhIjoiNS4yNiIsInFzcCI6IjQuMDUifQ%3D%3D&sr=8-144
178,-,Cort AD810LH-OP Dreadnought Left Handed Acoustic Guitar - Open Pore,-,-,"Tuesday, 29 November",-,https://www.amazon.in/Cort-AD810LH-OP-Dreadnought-Handed-Acoustic/dp/B07G47H9QP/ref=sr_1_145?keywords=Guitar&qid=1669297641&qu=eyJxc2MiOiI1Ljc4IiwicXNhIjoiNS4yNiIsInFzcCI6IjQuMDUifQ%3D%3D&sr=8-145
179,-,"Kadence AstroMan Electric Guitar, 21 FRETS, ROSEWOOD FRETBOARD, H - S - S PICK UPS Black combo with Bag, Guitar strap,guitar cable and Picks",-,-,"Wednesday, 30 November",In stock.,https://www.amazon.in/Kadence-Electric-Guitar-Rosewood-Fretboard/dp/B07BGW6JVL/ref=sr_1_146?keywords=Guitar&qid=1669297641&qu=eyJxc2MiOiI1Ljc4IiwicXNhIjoiNS4yNiIsInFzcCI6IjQuMDUifQ%3D%3D&sr=8-146
180,-,-,-,-,-,-,https://www.amazon.in/Fender-310001580-Bullet-Electric-Guitar/dp/B001L8MB3O/ref=sr_1_147?keywords=Guitar&qid=1669297641&qu=eyJxc2MiOiI1Ljc4IiwicXNhIjoiNS4yNiIsInFzcCI6IjQuMDUifQ%3D%3D&sr=8-147
181,-,"Yamaha Acoustic Guitar F310 Dreadnought With Mexa Blue Guitar Bag, Head Cover, Belt, Plectrums & String Set.",-,-,"Wednesday, 30 November",-,https://www.amazon.in/Yamaha-Acoustic-Guitar-Dreadnought-Plectrums/dp/B094H8NGBM/ref=sr_1_148?keywords=Guitar&qid=1669297641&qu=eyJxc2MiOiI1Ljc4IiwicXNhIjoiNS4yNiIsInFzcCI6IjQuMDUifQ%3D%3D&sr=8-148
182,-,Fender CD 60 Dread V3 DS 6 String Acoustic Guitar - Walnut Fretboard-Black,-,-,"Tuesday, 29 November",In stock.,https://www.amazon.in/Fender-Dread-String-Acoustic-Guitar/dp/B07RM4B5LJ/ref=sr_1_149?keywords=Guitar&qid=1669297641&qu=eyJxc2MiOiI1Ljc4IiwicXNhIjoiNS4yNiIsInFzcCI6IjQuMDUifQ%3D%3D&sr=8-149
183,-,-,-,-,-,In stock.,https://www.amazon.in/Yamaha-F370-Acoustic-Guitar-Natural/dp/B000WITPJM/ref=sr_1_150?keywords=Guitar&qid=1669297641&qu=eyJxc2MiOiI1Ljc4IiwicXNhIjoiNS4yNiIsInFzcCI6IjQuMDUifQ%3D%3D&sr=8-150
184,-,"Cort AF550SE Guitar Electro Acoustic- OP With Sponge Bag, Belt, String Set & Plectrums Combo Pack (Nat)",-,-,"Wednesday, 30 November",In stock.,https://www.amazon.in/Cort-AF550SE-Electro-Acoustic-Plectrums/dp/B09C2CT9BF/ref=sr_1_151?keywords=Guitar&qid=1669297641&qu=eyJxc2MiOiI1Ljc4IiwicXNhIjoiNS4yNiIsInFzcCI6IjQuMDUifQ%3D%3D&sr=8-151
185,-,-,-,-,-,In stock.,https://www.amazon.in/Epiphone-Classic-String-Electric-ELCSWGNH/dp/B085NGLLD2/ref=sr_1_152?keywords=Guitar&qid=1669297641&qu=eyJxc2MiOiI1Ljc4IiwicXNhIjoiNS4yNiIsInFzcCI6IjQuMDUifQ%3D%3D&sr=8-152
186,-,"DEVICE OF URBAN INFOTECH Guitar Tuner Clip on Chromatic Digital Tuner with Guitar Capo Metal Alloy Spring Guitar Capotastos for Acoustic Guitar, Electric Guitar Violin, Ukulele, Bass with 5 Picks",-,-,"Tuesday, 29 November",In stock.,https://www.amazon.in/sspa/click?ie=UTF8&spc=MTo4MDQzNTQ3ODg4Mzk4NTY6MTY2OTI5NzY0MTpzcF9idGY6MjAwODI3ODA4MTUyOTg6OjA6Og&url=%2FDEVICE-URBAN-INFOTECH-Chromatic-Capotastos%2Fdp%2FB0BGBGDW1W%2Fref%3Dsr_1_153_sspa%3Fkeywords%3DGuitar%26qid%3D1669297641%26qu%3DeyJxc2MiOiI1Ljc4IiwicXNhIjoiNS4yNiIsInFzcCI6IjQuMDUifQ%253D%253D%26sr%3D8-153-spons%26sp_csd%3Dd2lkZ2V0TmFtZT1zcF9idGY%26psc%3D1
187,-,-,-,-,-,In stock.,https://www.amazon.in/sspa/click?ie=UTF8&spc=MTo4MDQzNTQ3ODg4Mzk4NTY6MTY2OTI5NzY0MTpzcF9idGY6MjAwNzc4Njg1ODc3OTg6OjA6Og&url=%2FRight-Search-%25C2%25AEMusical-Guitar-Set_GD2%2Fdp%2FB09PYFV844%2Fref%3Dsr_1_154_sspa%3Fkeywords%3DGuitar%26qid%3D1669297641%26qu%3DeyJxc2MiOiI1Ljc4IiwicXNhIjoiNS4yNiIsInFzcCI6IjQuMDUifQ%253D%253D%26sr%3D8-154-spons%26sp_csd%3Dd2lkZ2V0TmFtZT1zcF9idGY%26psc%3D1
188,-,Gibz's G-38 Glossy Acoustic Guitar With Truss Rod Natural,-,-,"Monday, 28 November",-,https://www.amazon.in/sspa/click?ie=UTF8&spc=MTo4MDQzNTQ3ODg4Mzk4NTY6MTY2OTI5NzY0MTpzcF9idGY6MjAwMjU4OTAzMDM5OTg6OjA6Og&url=%2FGibzs-38-C-Acoustic-Guitar-Natural%2Fdp%2FB07M8KBTX8%2Fref%3Dsr_1_155_sspa%3Fkeywords%3DGuitar%26qid%3D1669297641%26qu%3DeyJxc2MiOiI1Ljc4IiwicXNhIjoiNS4yNiIsInFzcCI6IjQuMDUifQ%253D%253D%26sr%3D8-155-spons%26sp_csd%3Dd2lkZ2V0TmFtZT1zcF9idGY%26psc%3D1
189,-,"Blueberry B-40, 40 Inch Acoustic Guitar Kit Inbuilt Truss Rod, with Bag,Belt, One Pack Strings And Picks (Sunburst)",-,-,"Tuesday, 29 November",In stock.,https://www.amazon.in/sspa/click?ie=UTF8&spc=MTo4MDQzNTQ3ODg4Mzk4NTY6MTY2OTI5NzY0MTpzcF9idGY6MjAwNzgzMzY4ODkyOTg6OjA6Og&url=%2FBlueberry-B-40Y-Acoustic-Inbuilt-Sunburst%2Fdp%2FB07PJKSS7N%2Fref%3Dsr_1_156_sspa%3Fkeywords%3DGuitar%26qid%3D1669297641%26qu%3DeyJxc2MiOiI1Ljc4IiwicXNhIjoiNS4yNiIsInFzcCI6IjQuMDUifQ%253D%253D%26sr%3D8-156-spons%26sp_csd%3Dd2lkZ2V0TmFtZT1zcF9idGY%26psc%3D1
