,comment,upvote,time
0,‡®™‡©∞‡®ú‡®æ‡®¨‡©Ä ‡®á‡©∞‡®°‡®∏‡®ü‡®∞‡©Ä ‡®¶‡®æ ‡®∏‡®≠ ‡®§‡©ã‡®Ç ‡®µ‡©±‡®°‡®æ ‡®ó‡®æ‡®£‡®æ ‡®ï‡©ã‡®Ç‡®£ ‡®ï‡©ã‡®Ç‡®£ ‡®Æ‡©∞‡®®‡®¶‡®æ ‡®á‡®∏ ‡®ó‡©±‡®≤ ‡®®‡©Ç‡©∞ ,1K,1 year ago
1,"7‡®Æ‡®π‡©Ä‡®®‡©á ‡®¨‡®æ‡®Ö‡®¶ ‡®µ‡©Ä ‡®∏‡©ã‡®Ç‡®ó ‡®∏‡©Å‡®£ ‡®ï‡©á ‡®®‡®µ‡®æ ‡®®‡®µ‡®æ ‡®ú‡®ø‡®π‡®æ ‡®≤‡®ó‡®¶‡®æ , ‡®Æ‡®æ‡®® ‡®∏‡®æ‡®¨ great",39,11 months ago
2,"‡®™‡©∞‡®ú‡®æ‡®¨‡©Ä ‡®á‡©∞‡®°‡®∏‡®ü‡®∞‡©Ä ‡®¶‡®æ ‡®Æ‡®π‡®æ‡®® ‡®∏‡®ø‡©∞‡®ó‡®∞ ‡®∏‡®ø‡®∞‡®´ ‡®®‡®æ‡®Æ ‡®π‡©Ä ‡®ï‡®æ‡®´‡©Ä ‡®ê
‡®Ö‡®™‡®£‡©á ‡®´‡©à‡®®‡®æ‡®Ç ‡®¶‡®æ ‡®´‡©à‡®®
‡®â‡®∏‡®§‡®æ‡®¶ ‡®¨‡©±‡®¨‡©Ç ‡®Æ‡®æ‡®® ‡®∏‡®æ‡®π‡®ø‡®¨ ‡®ú‡©Ä‡•§",110,1 year ago
3, ‡®Æ‡©á‡®∞‡©Ä ‡®ú‡®æ‡®® BABBU MAAN,3,4 months ago
4,"10 million cross 
‡®Ö‡®∏‡®≤‡©Ä ‡®π‡©à ‡®¨‡®æ‡®à ‡®Ö‡®∏‡®≤‡©Ä 
‡®Æ‡®æ‡®® ‡®∏‡®æ‡®π‡®¨ ",169,1 year ago
5,Legend of Punjab #BabbuMaan,2,3 months ago
6,22‡®Ø‡®æ‡®∞ ‡®Æ‡©à‡®Ç ‡®µ‡©Ä ‡®ó‡©Ä‡®§ ‡®∞‡®ø‡®ï‡®æ‡®∞‡®° ‡®ï‡®∞‡®µ‡®æ‡®â‡®£‡®æ ‡®≤‡®æ‡®á‡®ï ‡®ï‡®∞‡®ï‡©á ‡®Æ‡©á‡®∞‡®æ ‡®π‡©å‡®Ç‡®∏‡®≤‡®æ ‡®µ‡®ß‡®æ‡®â ‡®ú‡©Ä,360,1 year ago
7,‡®Ö‡©±‡®ú ‡®ï‡©±‡®≤ ‡®¶‡©á ‡®ú‡®µ‡®æ‡®ï‡®æ‡®Ç ‡®µ‡®ø‡©±‡®ö ‡®ì ‡®ó‡©±‡®≤ ‡®ï‡®ø‡©±‡®•‡©á.... ‡®Æ‡®æ‡®®‡®æ ‡®ú‡©ã ‡®§‡©Ç ‡®ó‡®æ ‡®¶‡®ø‡©±‡®§‡®æ ‡®∏‡®æ‡®®‡©á‡©∞ ‡®ì‡®π‡©Ä ‡®™‡®∞‡®µ‡®æ‡®®,64,1 year ago
8,"Maan saab tuhanu bhut sara pyaar te respect
Rabb tuhanu chardi kala ch rakhe te lammbbi umar bakhshe",25,3 months ago
9,Proud to be maan saab ,20,1 year ago
10,Love you brother Babbu maan,3,2 months ago
11,"‡®∏‡®æ‡®∞‡©á ‡®ï‡©±‡®ü‡©ú ‡®´‡©à‡®® ‡®π‡®æ‡®ú‡®º‡®∞‡©Ä ‡®≤‡®µ‡®æ‡®ì,
‡®≤‡®æ‡®à‡®ï ‡®ï‡©Å‡®Æ‡©à‡®Ç‡®ü ‡®∏‡®º‡©á‡®Ö‡®∞ ‡®ï‡®∞‡®ï‡©á ‡®∞‡®ø‡®ï‡®æ‡®∞‡®° ‡®¨‡®£‡®æ‡®ì,
        Maan Saab ji Ô∏è
          Major dasuay",34,1 year ago
12,‡§Æ‡•Å‡§ù‡•á ‡§ó‡§∞‡•ç‡§µ ‡§π‡•à ‡§ï‡•Ä ‡§Æ‡•à‡§Ç ‡§Ü‡§™‡§ï‡§æ ‡§ï‡§æ ‡§™‡•ç‡§∞‡§∂‡§Ç‡§∂‡§ï ‡§π‡•Ç‡§Å ‡§Ü‡§™‡§ï‡•á ‡§™‡•ç‡§∞‡§§‡•ç‡§Ø‡•á‡§ï ‡§ó‡•Ä‡§§ ‡§π‡§Æ‡•á‡§Ç ‡§Ö‡§™‡§®‡•á  ‡§Æ‡§π‡§æ‡§® ‡§™‡•Ç‡§∞‡•ç‡§µ‡§ú‡•ã‡§Ç ‡§ï‡•Ä ‡§Ø‡§æ‡§¶ ‡§¶‡§ø‡§≤‡§æ‡§§‡•á ‡§π‡•à‡§Ç!,278,1 year ago
13,Charhda Punjab de 2 e kalakaar ne te dono ee Maan ne... Gurdaas Maan sb. Te Babbu Maan sb... Lots of love and respect from Lehnda Punjab...,44,1 year ago
14,Adab punjabi masterpiece ,20,4 months ago
15,Bhai maan saab di koi barabari nahi 15-20 baar sun liya ..Alag hi swag hai ustaad ji daa ...God bless you maan saab ...Lots of love from haryana,44,1 year ago
16,Masterpiece geet aah eh‚Ä¶ bheda nu end takk yaad rhu eh geet‚Ä¶,2,4 months ago
17,‡®ú‡®ø‡®π‡©ú‡©á ‡®ú‡®ø‡®π‡©ú‡©á ‡®¨‡©±‡®¨‡©Ç ‡®Æ‡®æ‡®® ‡®®‡©Ç‡©∞ ‡®¶‡®ø‡®≤‡©ã‡®Ç ‡®™‡®∏‡©∞‡®¶ ‡®ï‡®∞‡®¶‡©á ‡®Ü ‡®ï‡®∞‡®≤‡©ã ‡®≤‡®æ‡®á‡®ï Ô∏è,45,1 year ago
18,‡®õ‡®°‡®ø‡®Ü ‡®®‡©Ä‡®Ç ‡®ï‡©ã‡®à ‡®µ‡®ø‡®∂‡®æ ‡®™‡©∞‡®ú‡®æ‡®¨‡®£‡©á ‡®∏‡®æ‡®∞‡©á ‡®ó‡®æ ‡®¶‡®ø‡©±‡®§‡©á ,4,11 months ago
19,Proud to be Punjabi because we are also Punjabi: Malwa ,133,1 year ago
20,Babbumaan jindabaad ,1,1 month ago
21,‡®™‡©Ç‡®∞‡©Ä ‡®ó‡©±‡®≤ ‡®¨‡®æ‡®§ !! No one can't beat punjabis ,34,8 months ago
22,Ustaad+legend= Babbu Mann,2,2 months ago
23,"80 ‡®∏‡®æ‡®≤ ‡®¶‡®æ ‡®¨‡®æ‡®¨‡®æ ‡®¶‡©Ä‡®™ ‡®∏‡®ø‡®Ø‡©ã‡®Ç ‡®®‡©á‡®π‡®∞‡©Ä ‡®≤‡®ø‡®Ü ‡®ó‡®ø‡®Ü ‡®∏‡©Ä  

Love uh maan saab ",162,10 months ago
24,King of the punjabi industry maan saab love you ustad ji,13,1 year ago
25,Ever green song and singer..God bless u big B,1,7 months ago
26,Babbu mann forever,1,4 months ago
27,this is why we love maan saab,1,1 year ago
28,No 1 singer in the world ,2,3 months ago
29,"‡®Ö‡©±‡®ú ‡®ï‡®ø‡®∏ ‡®ï‡®ø‡®∏ ‡®®‡©Ç‡©∞ ‡®Æ‡®æ‡®£ ‡®Æ‡®π‡®ø‡®∏‡©Ç‡®∏ ‡®π‡©ã ‡®∞‡®ø‡®π‡®æ ‡®π‡©à ‡®Ö‡®∏‡©Ä‡®Ç ‡®Æ‡®æ‡®® ‡®∏‡®æ‡®π‡®¨ ‡®¶‡©á ‡®ï‡©±‡®ü‡©ú ‡®´‡©à‡®® ‡®π‡®æ‡®Ç,
 ‡®™‡®≤‡©Ä‡®ú‡®º ‡®≤‡®æ‡®à‡®ï ‡®ú‡®º‡®∞‡©Ç‡®∞ ‡®ï‡®∞‡©ã ‡®ú‡©Ä‡•§
Read more",1.1K,1 year ago
30,"23:23  Hermosa elecci√≥n  Likeex.Uno de los mejores conciertos Ô∏è 
Read more",25,9 months ago
31,One year complete ho gya ess legendary gaane nu.,42,1 year ago
32,Maan saab g,1,4 months ago
33,Legend babbu maan ji industry nu ek hor wada geet,70,1 year ago
34,"Thappad maarke adab punjabi asla kho lehnda 
Best hookline ever‚Ä¶ bdi peerh dendi aah bheda nu",22,4 months ago
35,"‡®™‡©±‡®ó ‡®ú‡®ø‡®π‡®æ ‡®¶‡©Å‡®®‡®ø‡®Ü ‡®§‡©á ‡®§‡®æ‡®ú ‡®ï‡©ã‡®à ‡®®‡®æ
‡®∞‡®æ‡®ú‡©á ‡®∞‡®£‡®ú‡©Ä‡®§ ‡®ú‡®ø‡®π‡®æ ‡®∞‡®æ‡®ú ‡®ï‡©ã‡®à ‡®®‡®æ
‡®¨‡®æ‡®à ‡®¨‡©±‡®¨‡©Ç‡®Æ‡®æ‡®® ‡®µ‡®∞‡®ó‡®æ ‡®ï‡®≤‡®æ‡®ï‡®æ‡®∞ ‡®ï‡©ã‡®à ‡®®‡®æ
Read more",110,1 year ago
36,We love so much this song. Maan sahib is best singer,1,1 year ago
37,Baba Deep Singh part is awesome  my eyes had rained tears ,39,1 year ago
38,‡®ú‡©Ä‡®ú‡®æ ‡®π‡©á‡®ü‡®∞‡®æ ‡®¶‡®æ ‡®¨‡©±‡®¨‡©Ç ‡®Æ‡®æ‡®® ,5,2 months ago
39,Babbu Maan's Song not only Song It's a Emotion ,5,10 months ago
40,Zindabad Ustad Babbu Maan legend singer,1,2 months ago
41,"‡®ñ‡©Å‡©±‡®≤‡©ç‡®π‡®æ ‡®™‡®ø‡®Ü ‡®Æ‡©à‡®¶‡®æ‡®® ‡®¶‡©á‡®ñ‡©ã‡®Ç ‡®ï‡®ø‡®π‡©ú‡®æ ‡®õ‡®æ‡®â‡®¶‡®æ ‡®ê‡•§
‡®§‡®ï‡©ú‡©á ‡®π‡©ã ‡®ú‡©ã‚Äå ‡®∏‡®º‡©á‡®∞‡©ã‡®Ç ‡®Æ‡©Å‡©∞‡®°‡®æ ‡®Æ‡®æ‡®Ç‡®®‡®æ ‡®¶‡®æ ‡®Ü‡®â‡®Ç‡®¶‡®æ ‡®ê‡•§
‡®ï‡®ø‡®∏‡®æ‡®® ‡®Æ‡®ú‡®º‡®¶‡©Ç‡®∞ ‡®è‡®ï‡®§‡®æ ‡®ú‡®ø‡©∞‡®¶‡®æ‡®¨‡®æ‡®¶
Love you maan saab",45,1 year ago
42,I dont want any views any millions untill unless i can write like babu mann sahab  sir ji keep blessing us Ô∏èÔ∏è,31,1 year ago
43,"One year ho gaye adab punjabi nu
Waiting for part 2",20,1 year ago
44,Babbumaan jindabaad Ô∏è,,1 month ago
45,"‡®µ‡®ø‡®∏‡®æ‡®ñ‡©Ä ‡®µ‡®æ‡®≤‡©á ‡®¶‡®ø‡®® ‡®á‡®§‡®ø‡®π‡®æ‡®∏ ‡®ú‡®∞‡©Ç‡®∞ ‡®¨‡®£‡®¶‡®æ ‡®π‡©à 
  ‡®ï‡©å‡®£ ‡®ï‡©å‡®£ ‡®∏‡®π‡®ø‡®Æ‡®§ ‡®π‡©à........",54,1 year ago
46,Nobody can sing like  Babbu Maan one and only Legend,4,1 year ago
47,Very nice song  App ne sach bolia hai Vir Ji Waheguru Ji aap te kirpa kare,15,1 year ago
48,Khalsa raj waheguru ji waheguru mehar kare,1,2 months ago
49,"‡®õ‡©±‡®°‡®ø‡®Ü ‡®®‡®π‡©Ä‡®Ç ‡®ï‡©ã‡®à ‡®µ‡®ø‡®∂‡®æ ‡®™‡©∞‡®ú‡®æ‡®¨‡®£‡©á ‡®∏‡®æ‡®∞‡©á ‡®ó‡®æ ‡®¶‡®ø‡©±‡®§‡©á 
‡®ï‡®ø‡®∏‡®æ‡®® ‡®Æ‡®ú‡®¶‡©Ç‡®∞ ‡®è‡®ï‡®§‡®æ ‡©õ‡®ø‡©∞‡®¶‡®æ‡®¨‡®æ‡®¶ ",118,1 year ago
50,"‡®¨‡©á‡®à‡®Æ‡®æ‡®® ‡®∏‡©Ä ‡®ï‡©±‡®≤ ‡®µ‡©Ä ‡®ú‡©Ä‡®∞‡©ã,‡®Ö‡©±‡®ú ‡®µ‡©Ä ‡®ú‡©Ä‡®∞‡©ã ‡®ê , ‡®¨‡©∞‡®¶‡®æ ‡®∏‡®ø‡©∞‡®ò ‡®¨‡®æ‡®π‡®æ‡®¶‡©Å‡®∞ ‡®Æ‡®ø‡©±‡®§‡®∞‡©ã ‡®Æ‡©á‡®∞‡®æ ‡®π‡©Ä‡®∞‡©ã ‡®ê ......‡®≤‡®µ ‡®Ø‡©Ç ‡®â‡®∏‡®§‡®æ‡®¶ ‡®ú‡©Ä ‡•§",127,1 year ago
51,industry king maan saab,1,11 months ago
52,What a beautiful song about our Guru sahib,31,1 year ago
53,‡®Æ‡®æ‡®® ‡®®‡®æ‡®Æ ‡®®‡©Ç‡©∞ ‡®¨‡®ñ‡®∏‡®º‡®ø‡®º ‡®π‡©à ‡®∏‡®æ‡®∞‡©á ‡®ó‡©Ä‡®§‡®ï‡®æ‡®∞ ‡®∏‡®ø‡®∞‡®æ ‡®ï‡®∞‡®æ‡®â‡®¶‡©á Ô∏è,91,1 year ago
54,Love you maan saabÔ∏è,,5 months ago
55,The king of Punjabi industry legends of babbu maan Saab Ô∏èÔ∏èÔ∏è,8,1 year ago
56,This is for the cultureÔ∏èÔ∏èÔ∏èÔ∏èÔ∏èÔ∏è,33,1 year ago
57,Abad Punjabi is the real and Punjabi culture of Punjab Ô∏è,19,9 months ago
58,"‡®ú‡®ø‡©∞‡®®‡©Ä ‡®µ‡®æ‡®∞ ‡®Æ‡®∞‡©õ‡©Ä ‡®¶‡©á‡®ñ ‡®≤‡®ì ‡®Æ‡®® ‡®®‡©Ä ‡®≠‡®∞‡®¶‡®æ 

‡®ú‡®ø‡®â‡®Ç‡®¶‡®æ ‡®∞‡®π‡®ø ‡®Æ‡®æ‡®®‡®æ ",40,1 year ago
59,"No one can beat u sir... respect
No newcomer can defeat u",20,1 year ago
60,Great legend Ô∏èÔ∏è,12,1 year ago
61,No one is better than you maan Saab ,7,9 months ago
62,‡®á‡®ï ‡®¨‡®æ‡®à ‡®¨‡©±‡®¨‡©Ç ‡®Æ‡®æ‡®® ‡®π‡©Ä ‡®Ü ‡®ú‡®ø‡®∏‡®¶‡©á ‡®ó‡®æ‡®£‡©á sun k ‡®Æ‡®ú‡®º‡®æ ‡®Ü‡®â‡®Ç‡®¶‡®æ  respect ‡®¨‡©±‡®¨‡©Ç ‡®Æ‡®æ‡®® ‡®¨‡®æ‡®à,32,1 year ago
63,The real legend ,6,1 year ago
64,I am 12 and I listen Babu Maan songs and my father also loves Babu Maan Ô∏è,92,11 months ago
65,Maan saab jindabad,1,1 month ago
66,"I'm listening daily this song since releasing audio version 
Always feeling so  awesome and Rock Ô∏èÔ∏è",59,1 year ago
67,Ustaad babbu maan Ô∏è,1,5 months ago
68,‡®µ‡®æ‡®≤ ‡®≤‡©∞‡®¨‡©á ‡®∞‡©±‡®ñ ‡®∞‡©±‡®ñ ‡®¨‡©ú‡©á ‡®Æ‡©Å‡©∞‡®°‡©á ‡®Ü‡®è ‡®™‡®∞ ‡®ú‡©±‡®ü‡©Ä‡®è ‡®ï‡©ã‡®à ‡®¨‡©±‡®¨‡©Ç ‡®Æ‡®æ‡®® ‡®®‡©Ä ‡®¨‡®£‡®ø‡®ÜÔ∏è,47,1 year ago
69,Beautiful lyrics,35,1 year ago
70,True pioneers‚Ä¶.listening to Babbu and Jazzy for 3 decades!,39,1 year ago
71,"Best hookline ever ‚Äî 
Baap of all gangster songs 
Thappad maarke adab punjabi asla kho lehnda ",6,4 months ago
72,Without paid promotion without add 8 M+ views original kataad fans power ,38,1 year ago
73,"Because this song is so long and has so many different versions, the first few seconds of good music are useful for extremely short videos.",1,3 months ago
74,Astaad ‡®¶‡®æ ‡®ó‡®æ‡®£‡®æ ‡®ï‡©å‡®£ ‡®ï‡©å‡®£ repeat ‡®§‡©á ‡®∏‡©Å‡®£ ‡®∞‡®ø‡®π‡®æ ‡®≤‡®æ‡®à‡®ï ‡®ï‡®∞‡®ï‡©á dso Ô∏èÔ∏è,34,1 year ago
75,Eh hunda geet ,9,1 year ago
76,King  of live music ,2,1 year ago
77,Oho maan saab ji eh song ne tan siraa kra dita g love u tnu truck bhar k maan saab ji Ô∏èÔ∏èÔ∏èÔ∏èÔ∏èÔ∏èÔ∏èÔ∏èÔ∏èÔ∏èÔ∏è,1,3 months ago
78,Khant aala maan  On  repeat Ô∏èÔ∏èÔ∏è,12,1 year ago
79,Legend ,,1 month ago
80,"‡®â‡®π ‡®ï‡®ø‡®π‡©ú‡©á ‡®ï‡®ø‡®π‡©ú‡©á ‡®ï‡©±‡®ü‡©ú ‡®´‡©à‡®® ‡®π‡®®,
‡®Ö‡©ú‡®¨ ‡®™‡©∞‡®ú‡®æ‡®¨‡©Ä ‡®ó‡®æ‡®£‡©á ‡®®‡©Ç‡©∞ ‡®∏‡©Å‡®£‡®ï‡©á ‡®∞‡©ã‡®ú‡®º ‡®Ü‡®®‡©∞‡®¶ ‡®≤‡©à‡®Ç‡®¶‡©á ‡®π‡®®,
Please like comment share jarur karo ji,",32,1 year ago
81,Wow Man sahib today you gave me the army of India and Proud of Singh Kom Aap hi se na muse wala who are still giving a new identity to Punjabi and Punjabi singing.,,5 months ago
82,"Is geet ne keyi jwaak ghoosewale warge rono laate cÔ∏èÔ∏èÔ∏è
Forever song ",47,1 year ago
83,Legend bAbbu maan,1,1 month ago
84,"Thanks paaji, how much stress one is in , ek vaarry tuhada pure music one listens aidha lagdta bumbphi tey doobi maarey huye,  Tuhanu Saaari khushiyeah tanduroorsti wali lambhi umar dey.",6,10 months ago (edited)
85,Oh my gosh!!  legend Ô∏è Babbu Maan ,17,1 year ago
86,Living legend always babu mann sir,5,6 months ago
87,Babbu maan .....legend,2,3 months ago
88,God father of Punjabi music industry  Babbu maan ustaad ,20,1 year ago
89,Jehre es geet te bheda comment krn aundia.. osto saaf aah eh geet krke kinna dukhi ne ,4,3 months ago
90,Sanitizer for Punjabi Music industry Love from Kashmir India ,51,1 year ago
91,Still & always on repeat,8,1 year ago
92,"Ustad ta ustad hi hunda
Love youÔ∏èÔ∏è maan saab Ô∏è",7,1 year ago
93,Love this song adab punjabi Ô∏èÔ∏è,5,4 months ago
94,‡®∏‡®ø‡®∞‡®æ ‡®≤‡®æ ‡®¶‡®ø‡©±‡®§‡©Ä ‡®ó‡©±‡®≤‡®¨‡®æ‡®§ ‡®¨‡®æ‡®à ‡®®‡©á   love you maan Saab,4,1 year ago
95,still on trending in 2022Ô∏èÔ∏è,,3 months ago
96,"‡®ú‡©ã ‡®Æ‡®∞‡®ú‡®º‡©Ä ‡®π‡©ã ‡®ú‡®æ‡®µ‡©á ‡®™‡®∞ ‡®â‡®∏‡®§‡®æ‡®¶ ‡®π‡©ã‡®∞‡®æ‡®Ç ‡®µ‡®æ‡®Ç‡®ó‡©Ç‡©∞ ‡®™‡©∞‡®ú‡®æ‡®¨ ‡®§‡©á ‡®™‡©∞‡®ú‡®æ‡®¨‡©Ä ‡®®‡©Ç‡©∞ ‡®®‡©Ä ‡®≠‡©Å‡©±‡®≤‡®¶‡®æ, ‡®Æ‡©á‡®∞‡®æ ‡®â‡®∏‡®§‡®æ‡®¶ ‡®π‡©Ä‡®∞‡®æ ‡®¨‡©∞‡®¶‡®æ",128,1 year ago
97,real legend ,8,1 year ago
98,One and only ustad babbu maan ,6,1 year ago
99,God bless you maan sahib ji ,,4 months ago
100,Wah...22 ustad Punjabi singer da kya baat hai mzaa aagya shukr waheguru da asi babu maan ji de song sun ske baap baap hi hunda,1,11 months ago
101,"‡§ú‡§ø‡§Ç‡§¶‡§ó‡•Ä ‡§ó‡•Å‡§ú‡§∞ ‡§ú‡§æ‡§è‡§ó‡•Ä ‡§≤‡•á‡§ï‡§ø‡§® ‡§Æ‡§æ‡§® ‡§∏‡§æ‡§¨ ‡§Ü‡§™‡§ï‡•Ä ‡§á‡§ú‡•ç‡§ú‡§§ ‡§π‡§Æ‡•á‡§∂‡§æ ‡§∞‡§π‡•á‡§ó‡•Ä ,,,,,,,,,,,,,,,,veer ji tussi great Ho ",7,3 weeks ago
102,‡®™‡©Ç‡®∞‡©Ä ‡®Ö‡©±‡®§ ‡®µ‡©Ä‡®°‡®â ‡®Ü ‡®Æ‡®æ‡®® ‡®¶‡©Ä ‡®Ö‡©±‡®ú ‡®ï‡®ø‡®∏ ‡®ï‡®ø‡®∏ ‡®®‡©Ç‡©∞ ‡®è ‡®Æ‡®æ‡®£ ‡®Æ‡®π‡®ø‡®∏‡©Ç‡®∏ ‡®π‡©ã ‡®∞‡®ø‡®π‡®æ ‡®ï‡©á ‡®Ö‡®∏‡©Ä ‡®Æ‡®æ‡®® ‡®∏‡®æ‡®¨ ‡®¶‡©á ‡®ï‡©±‡®ü‡©ú ‡®´‡©à‡®® ‡®Ü ‡®§‡®æ ‡®Æ‡©á‡®∞‡©á ‡®∏‡®æ‡®∞‡©á ‡®ï‡©±‡®ü‡©ú ‡®´‡©à‡®® ‡®µ‡©Ä‡®∞ ‡®ï‡®∞‡©ã ‡®á‡©±‡®•‡©á ‡®≤‡®æ‡®á‡®ï Ô∏èÔ∏èÔ∏èÔ∏èÔ∏èÔ∏è,107,1 year ago
103,End luck end singer end song love you maan saab ji babbu Maan zindabaad Ô∏èÔ∏èÔ∏èÔ∏èÔ∏èÔ∏èÔ∏è,9,9 months ago
104,Views comments doesn't matter but the thing he writes ,11,1 year ago
105,Wah wah kya baat hai superer ‡®¨‡©±‡®≤‡©á ‡®â‡®è ‡®™‡©∞‡®ú‡®æ‡®¨ dia ‡®∏‡®º‡©á‡®∞ ‡®¨‡©±‡®¨‡®∞,2,2 months ago
106,Att song proud of you maan Saab love you,21,1 year ago
107,Superhit bai,2,4 months ago
108,"‡®ú‡©å ‡®ú‡©å ‡®Æ‡®æ‡®® ‡®∏‡®æ‡®¨ ‡®¶‡©á ‡®ï‡©±‡®ü‡©ú fans ‡®®‡©á  ‡®π‡®æ‡®ú‡®∞‡©Ä ‡®≤‡®µ‡®æ‡®ì ‡®ú‡©Ä‡•§‡•§
Love you Maan Saab Ô∏èÔ∏èÔ∏è",25,1 year ago (edited)
109,"Eh song apneya bacheya nu sunaun vala hai... Eh hai Punjab da asli etihas, culture",2,1 year ago
110,Living legend Ô∏èÔ∏èÔ∏èÔ∏è,6,1 year ago
111,Legend ,,4 months ago
112,Ajj de dour ch Ess toh best Folk song nhi ho sakdda..Respect Khantt MannÔ∏èÔ∏è,5,1 year ago
113,Best geet . Agg c niri,1,4 months ago
114,"‡®Æ‡®æ‡®∏‡®º‡©Ç‡®∞‡©Ä ‡®§‡©ã‡®Ç ‡®¨‡®ø‡®®‡®æ‡®Ç ‡®µ‡©Ä trending ‡®µ‡®ø‡®ö 
‡®Æ‡©±‡®§ ‡®¶‡©á‡®à ‡®Æ‡®æ‡®® ‡®®‡©Ç‡©∞ ‡®∞‡©±‡®¨‡®æ ‡®Ö‡®™‡©á ‡®≤‡®æ ‡®¶‡©Ä ‡®Ö‡©∞‡®¨‡®∞ ‡®ö‡©ã‡®Ç ‡®§‡®æ‡®∞‡©á ",30,1 year ago (edited)
115,"‡®¨‡©±‡®¨‡©Ç ‡®Æ‡®æ‡®® ‡®®‡©á  ‡®Ö‡©ú‡®¨ ‡®™‡©∞‡®ú‡®æ‡®¨‡©Ä ‡®ö ‡®¨‡®π‡©Å‡®§‡®ø‡®Ü‡®Ç ‡®¶‡©Ä‡®Ü‡®Ç ‡®≤‡®ï‡©Ä‡®∞‡®æ‡®Ç ‡®ï‡®¢‡®æ ‡®¶‡®ø‡©±‡®§‡©Ä‡®Ü‡®Ç  , ‡®ú‡®ø‡®ì‡©∞‡®¶‡©á ‡®µ‡©±‡®∏‡®¶‡©á ‡®∞‡®π‡©ã ‡®Æ‡®æ‡®® ‡®∏‡®æ‡®¨‡©ç‡®π , ‡®§‡©Å‡®π‡®æ‡®°‡©Ä ‡®≤‡©∞‡®¨‡©Ä ‡®â‡®Æ‡®∞ ‡®§‡©á  ‡®§‡©∞‡®¶‡®∞‡©Å‡®∏‡®§‡©Ä ‡®¶‡©Ä ‡®π‡®Æ‡©á‡®∂‡®æ ‡®Ö‡®∏‡®≤ ‡®™‡©∞‡®ú‡®æ‡®¨‡©Ä ‡®Ö‡®∞‡®¶‡®æ‡®∏ ‡®ï‡®∞‡®¶‡©á ‡®∞‡®π‡®ø‡®£‡®ó‡©á ",16,1 year ago
116,The king of industry legends of babbu maan Saab Ô∏èÔ∏èÔ∏èÔ∏èÔ∏èÔ∏èÔ∏èÔ∏èÔ∏è,2,1 year ago
117,I am biggest fannnn offff babu maan ,1,5 days ago
118,"Bahot sohna geet Babbu bai ...te odon sohni video hai ...Guru sahebaan te apne shaheed thode te hameshaan apna mehar bharya hathh rakhan. love & regards from Jammu  ...vaihe apaan te puraane fan haan bai, 'Pind pehra lagda hai' de time toh 
Read more",4,1 year ago
119,Babbu maan Ô∏è,,4 months ago
120,"‡®Ö‡®∏‡©Ä‡®Ç ‡®∏‡©Å‡®£‡®¶‡©á ‡®∞‡®π‡©Ä‡®è ‡®§‡©Å‡®∏‡©Ä‡®Ç ‡®á‡©∞‡®ù ‡®π‡©Ä ‡®ó‡®æ‡®â‡®Ç‡®¶‡©á ‡®∞‡®π‡©ã,
‡®™‡©∞‡®ú‡®æ‡®¨ ‡®Ö‡®§‡©á ‡®™‡©∞‡®ú‡®æ‡®¨‡©Ä‡®Ö‡®§ ‡®¶‡®æ ‡®¶‡©Å‡©±‡®ñ ‡®µ‡©∞‡®°‡®æ‡®â‡®Ç‡®¶‡©á ‡®∞‡®π‡©ã,
‡®™‡®≤‡©Ä‡®ú ‡®≤‡®æ‡®à‡®ï ‡®ï‡©Å‡®Æ‡©à‡®Ç‡®ü ‡®∏‡®º‡©á‡®Ö‡®∞ ‡®ú‡®∞‡©Ç‡®∞ ‡®ï‡®∞‡©ã ‡®ú‡©Ä,",79,1 year ago
121,Superb maan shab always proud upon you,,1 year ago
122,Real Singer Hero Sada Bai babbu Mann love you veere ,16,1 year ago
123,Kihne dirbe da akhada dekhia apne legend maan saab da,4,1 month ago (edited)
124,"20:10 Hermosa elecci√≥n   Xxlike.Uno de los mejores conciertos 
Asi con toy y sus ma√±as no se la
Read more",22,9 months ago
125,Ustad babbu maan zindabad Ô∏è,1,2 months ago
126,Love you maan sabb ,5,1 year ago
127,Favourite song and favourite singer love u maan saab ji very respect from hoshiarpur. ...,,1 year ago
128,‡®Ö‡©ú‡®¨ ‡®™‡©∞‡®ú‡®æ‡®¨‡©Ä ,1,1 month ago
129,"Love you babu mann,for Arab punjabi,good presentation",10,1 year ago
130,‡®¨‡©±‡®¨‡©Ç ‡®Æ‡®æ‡®®,,3 months ago
131,‡®∏‡®ø‡©±‡®ñ ‡®Æ‡®ø‡®∏‡®≤‡®æ‡®Ç ‡®¶‡©á ‡®ú‡®∞‡®®‡©à‡®≤‡®æ ‡®®‡©Ç‡©∞ ‡®ù‡©Å‡©±‡®ï ‡®ï‡©á ‡®∏‡®≤‡®æ‡®Æ ‡®ï‡®∞‡®æ‡®Ç,30,1 year ago
132,Guru of punjab industry ,,1 year ago
133,"‡®ú‡®æ‡®ó‡®∞‡©Ç‡®ï‡®§‡®æ ‡®≤‡®à ‡®ß‡©∞‡®®‡®µ‡®æ‡®¶, ‡®ú‡©á ‡®§‡©Å‡®π‡®æ‡®°‡©Ä ‡®ú‡®Æ‡©Ä‡®∞ ‡®ú‡®ó‡®¶‡©Ä ‡®§‡©á ‡®µ‡®æ‡®π‡®ø‡®ó‡©Å‡®∞‡©Ç ‡®ú‡©Ä ‡®§‡©á ‡®≠‡®æ‡®∞‡©ã‡®∏‡®æ ‡®ï‡®∞‡©ã",,9 months ago
134,Forever songÔ∏è,5,1 year ago
135,80 saal da baba deep singh ji very good,2,2 months ago
136,"‡®Ö‡©±‡®ú ‡®™‡©Ç‡®∞‡©á 11 ‡®∏‡®æ‡®≤ ‡®π‡©ã ‡®ó‡®è ‡®®‡©á #‡®è‡®ï‡®Æ ‡®Ü‡®à ‡®®‡©Ç‡©∞ 
‡®ï‡®ø‡®∏‡®æ‡®®‡®æ‡®Ç ‡®¶‡©á ‡®π‡©±‡®ï ‡®ö #‡®´‡®ø‡®≤‡®Æ ‡®¨‡®£‡®æ‡®µ‡©á‡®Ç
#‡®Æ‡®æ‡®® ‡®∏‡©±‡®ö ‡®ó‡©Ä‡®§‡®æ‡®Ç ‡®ö ‡®Ö‡®™‡®£‡©á ‡®∏‡©Å‡®£‡®æ‡®µ‡©á‡®Ç
 #SUCHA_SOORMA #Coming_soon
Read more",21,1 year ago
137,God father of industry ,57,1 year ago
138,The legend always legend Mr babu mann Ô∏èÔ∏è,16,11 months ago
139,Babbu maan saab is king Punjabi music,1,3 weeks ago
140,Master of punjabi singing ,1,1 year ago
141, legend,1,1 month ago
142,‡®ö‡®æ‡®π ‡®¶‡©á ‡®®‡®æ‡®≤ ‡®¨‡®à ‡®¶‡®æ ‡®ó‡©Ä‡®§ ..... ‡®≠‡©à‡®£‡®®‡®æ ‡®ú‡®ø‡®Æ‡©á ‡®Ü‡®µ‡®¶‡©á ‡®µ‡®ø‡®Ü‡®π ‡®Ü‡®≤‡©á ‡®¶‡®ø‡®® ‡®¶‡®æ ‡®ö‡®Ö ‡®ú‡®æ ‡®π‡©Å‡©∞‡®¶‡®æ ..‡®ì‡®µ‡©á‡®Ç ‡®â‡®°‡©Ä‡®ï ‡®∏‡©Ä ‡®µ‡©Ä‡®°‡©Ä‡®ì ‡®¶‡©Ä... ‡®∏‡®π‡®ø‡®Æ‡®§ ‡®ì,47,1 year ago
143,Babu maan is legendary singer,1,1 year ago
144,‡®∏‡®¶‡®æ‡®¨‡®π‡®æ‡®∞ ‡®ó‡©Ä‡®§ Ô∏è,48,1 year ago
145,A ohi adab panjabi a jo nishan sahib julan te roya c ,4,4 months ago
146,Best lyrics,5,1 year ago
147,Love you maan Saab,1,4 months ago
148,"‡®µ‡®ø‡®¶‡®ø‡®Ü‡®∞‡®•‡©Ä ‡®ï‡©å‡®£ ‡®ï‡©å‡®£ ‡®∏‡©Å‡®£ ‡®∞‡®π‡©á ‡®π‡®® ‡®†‡©ã‡®ï‡©ã ‡®≤‡®æ‡®à‡®ï 
‡®¨‡©±‡®¨‡©Ç ‡®Æ‡®æ‡®® ‡®∏‡®æ‡®¨ ‡®ú‡®ø‡©∞‡®¶‡®æ‡®¨‡®æ‡®¶ ",65,1 year ago
149,Great of all time. REAL GOAT. ,8,1 year ago
150,You're really Legend . üáµüá∞üáµüá∞üáµüá∞üáµüá∞üáµüá∞üáµüá∞,41,1 year ago
151,22 ‡®Ø‡®æ‡®∞ ‡®Æ‡©à‡®Ç ‡®µ‡©Ä ‡®ó‡©Ä‡®§ ‡®∞‡®ø‡®ï‡®æ‡®∞‡®° ‡®ï‡®∞‡®µ‡®æ‡®â‡®£‡®æ ‡®≤‡®æ‡®á‡®ï ‡®ï‡®∞‡®ï‡©á ‡®Æ‡©á‡®∞‡®æ ‡®π‡©å‡®Ç‡®∏‡®≤‡®æ ‡®µ‡®ß‡©≥ ‡®ú‡©Ä,2,3 months ago
152,Really proud of you paaji. Respects ,,6 months ago
153,"‡®è‡®ï‡®æ ‡®∏‡®æ‡®°‡®æ ‡®¨‡®£‡®ø‡®Ü ‡®∞‡®π‡©á #‡®Æ‡®æ‡®®‡®æ‡®Ç ‡®õ‡©ã‡®ü‡®æ ‡®µ‡©Ä‡®∞ ‡®∏‡®æ‡®°‡®æ ‡®™‡®æ‡®ï‡®ø‡®∏‡®§‡®æ‡®®
#‡®à‡®¶ ‡®Æ‡©Å‡®¨‡®æ‡®∞‡®ï ‡®∏‡®≠‡®®‡©Ç‡©∞ ‡®ñ‡©Å‡®¶‡®ï‡©Å‡®∂‡©Ä ‡®®‡®æ ‡®ï‡®∞‡©á ‡®ï‡©ã‡®à ‡®Æ‡®ú‡®¶‡©Ç‡®∞ ‡®§‡©á ‡®ï‡®ø‡®∏‡®æ‡®®
#‡®ï‡®ø‡®∏‡®æ‡®®_‡®Æ‡®ú‡®¶‡©Ç‡®∞_‡®è‡®ï‡®§‡®æ_‡©õ‡®ø‡©∞‡®¶‡®æ‡®¨‡®æ‡®¶",69,1 year ago
154,My favorite singer your voice is amazing,3,1 year ago
155,Respect for the legend ,15,1 year ago
156,Nice song ,2,2 months ago
157,One of my favourite song i can listen to this song all daykeep Rocking Jatta!Ô∏è,3,11 months ago (edited)
158,‡®Ö‡®∏‡©Ä ‡®¨‡©ã‡®≤‡®¶‡©á ‡®®‡©Ä ‡®∏‡®æ‡®°‡®æ ‡®á‡®§‡®π‡®æ‡®∏ ‡®¨‡©ã‡®≤‡®¶‡®æ ,,3 months ago
159,‡®¶‡®ø‡®≤ ‡®¶‡©Å‡®ñ‡©Ä ‡®∏‡©Ä ‡®™‡®∞ 22‡®¶‡®æ ‡®ó‡©Ä‡®§ ‡®∏‡©Å‡®£ ‡®ï‡©á ‡®ö‡®ø‡®π‡®∞‡©á ‡®§‡©á ‡®ñ‡©Å‡®∏‡®º‡©Ä ‡®Ü ‡®ó‡®à,50,1 year ago
160,‡®â‡®∏‡®§‡®æ‡®¶ ‡®∏‡®ø‡®∞‡®æ ‡®≤‡®æ‡®â‡®¶‡®æ ‡®π‡®Æ‡©á‡®∂‡®æ,1,1 year ago
161,Original Legend Babbu maan ustaad ,14,1 year ago
162,Real Hero  Mann Sahib,,1 month ago
163,Hjar bar vekh ke b song Dil ni bhrda maan saab Ô∏èÔ∏è real singing swaad agya schi Ô∏è,,10 months ago
164,"‡®∏‡©±‡®§ ‡®∂‡©ç‡®∞‡©Ä ‡®Ö‡®ï‡®æ‡®≤ ‡®ú‡©Ä ‡®Æ‡®ø‡®≤‡®¶‡©á ‡®Ü ‡®ú‡©Ä
15 ‡®®‡®µ‡©∞‡®¨‡®∞ 2022 (‡®ñ‡©Å‡©±‡®≤‡®æ ‡®Ö‡®ñ‡®æ‡©ú‡®æ)
‡®™‡®ø‡©∞‡®° ‡®ï‡©Å‡®¨‡®æ‡®π‡©á‡©ú‡©Ä (‡©õ‡®ø‡®≤‡®æ‡®Ç ‡®Æ‡©ã‡®π‡®æ‡®≤‡©Ä)
‡®∏‡®Æ‡®æ ‡®ï‡©±‡®¢ ‡®ï‡©á ‡®Ü ‡®ú‡®æ‡®à ‡®ú‡®æ‡®£ ‡®¶‡©Ä ‡®ï‡®∞‡©Ä ‡®®‡®æ ‡®ï‡®æ‡®π‡®≤‡©Ä
Read more",2,11 days ago
165,‡®¨‡®æ‡®¨‡®æ ‡®¨‡©∞‡®¶‡®æ ‡®∏‡®ø‡©∞‡®ò ‡®¨‡®π‡®æ‡®¶‡®∞ ‡®ú‡©Ä ‡®Æ‡©á‡®∞‡®æ ‡®π‡©Ä‡®∞‡©ã ‡®π‡©à,106,1 year ago
166,Still favourite ,7,1 year ago
167,Great song legend,7,1 year ago
168,"‡®è ‡®§‡®æ‡®Ç ‡®è‡®¶‡®æ‡®Ç ‡®π‡©Ä ‡®ö‡©±‡®≤‡©ã  ‡•§‡•§‡•§ ‡®ú‡®ø‡®π‡©ú‡©á ‡®∏‡©ú‡®¶‡©á ‡®®‡©á ‡®¨‡®∏ ‡®∏‡©ú‡®¶‡©á ‡®∞‡®π‡©ã 
‡®ï‡®ø‡®â‡®Ç ‡®∞‡©Ä‡®∏ ‡®§‡®æ‡®Ç ‡®π‡©ã‡®£‡©Ä ‡®®‡©Ä‡•§‡•§‡•§‡•§",14,2 months ago
169,LEGEND OF PUNJAB MUSIC INDUSTRY BABBU MAAN Ô∏èÔ∏èÔ∏è,1,5 months ago
170,Maan Saab Jinda baad,,9 days ago
171,"‡®ï‡®ø‡®•‡©ã‡®Ç ‡®Ö‡©±‡®ñ‡®∞ ‡®≤‡©à ‡®ï‡©á ‡®Ü‡®â‡®Ç‡®¶‡®æ ‡®µ‡©á
‡®∏‡®º‡®¨‡®¶‡®æ‡®Ç ‡®¶‡®æ ‡®§‡©á‡®∞‡©á ‡®ï‡©ã‡®≤ ‡®ñ‡®ú‡®æ‡®®‡®æ ‡®µ‡©á
‡®¶‡®ø‡®≤ ‡®ï‡®∞‡®¶‡®æ ‡®ú‡®ø‡©∞‡®¶‡®ó‡©Ä ‡®µ‡®ø‡©±‡®ö ‡®≤‡®ø‡®ñ‡®¶‡®æ
‡®ï‡©Å‡®ù ‡®§‡©á‡®∞‡©á ‡®≤‡®à ‡®Æ‡©à ‡®Æ‡®æ‡®®‡®æ ‡®µ‡©á",37,1 year ago
172,Greatest singer songwriter producer of the entire world,5,1 year ago
173,Beautiful song Maan shab ,,11 months ago (edited)
174,‡®•‡©±‡®™‡©ú‡©ç‡®π ‡®Æ‡®æ‡®∞ ‡®ï‡©á ‡®Ö‡©ú‡©ç‡®π‡®¨ ‡®™‡©∞‡®ú‡®æ‡®¨‡©Ä ‡®ö‡©Ä‡®®‡©á ‡®ö‡©Å‡©±‡®ï ‡®≤‡®ø‡®Ü‡®è ,1,2 months ago
175,I love this song end luck end singer legend babbu Maan zindabaad Ô∏èÔ∏èÔ∏èÔ∏è,8,9 months ago
176,Satnam wehegur ji  ,,3 months ago
177,"‡®∏‡©∞‡®® 98 ‡®§‡©ã‡®Ç ‡®ö‡©±‡®≤‡©á ‡®∏‡©Ä, ‡®π‡©Å‡®£ ‡®§‡©±‡®ï ‡®ï‡©à‡®Æ ‡®Ö‡®æ
‡®ú‡®ø‡®π‡©ú‡©á ‡®∏‡®æ‡®®‡©Ç‡©∞ ‡®¶‡©±‡®¨‡®£ ‡®®‡©Ç‡©∞ ‡®´‡®ø‡®∞‡®¶‡©á ‡®Ü 
‡®π‡®∞ ‡®µ‡®æ‡®∞ ‡®¶‡©Ä ‡®§‡®∞‡©ç‡®π‡®æ ‡®ú‡®µ‡®æ‡®ï‡®æ ‡®¶‡©á ‡®ï‡©±‡®¢‡©á ‡®µ‡®π‡®ø‡®Æ ‡®Ü
‡®≤‡®µ ‡®Ø‡©Ç ‡®ú‡©±‡®ü‡®æ‡®Ç‡®ÇÔ∏è",33,1 year ago
178,Godfather of punjabi industry,,1 year ago
179,100% siraa song maan saab de dilo pyaar maan g,,1 year ago
180, ‡®Æ‡©á‡®∞‡©Ä ‡®ú‡®æ‡®® BABBU MAAN,,4 months ago
181,Legend always legend Ô∏è,15,1 year ago
182,Maan Saab The King Of Punjabi Music Industry,,1 month ago
183,"""‡§¨‡§Ç‡§¶‡§æ ‡§∏‡§ø‡§Ç‡§π ‡§¨‡§π‡§æ‡§¶‡§∞ ‡§Æ‡§ø‡§§‡§∞‡•ã ‡§Ö‡§™‡§®‡§æ ‡§π‡•Ä‡§∞‡•ã ‡§ê"" best line",63,5 months ago (edited)
184,Speechless. . .,2,1 year ago
185,‡®Ö‡©±‡®ú ‡®ï‡©±‡®≤ ‡®¶‡©á ‡®ú‡®µ‡®æ‡®ï‡®æ‡®Ç ‡®µ‡®ø‡©±‡®ö ‡®ì ‡®ó‡©±‡®≤ ‡®ï‡®ø‡©±‡®•‡©á.... ‡®Æ‡®æ‡®®‡®æ ‡®ú‡©ã ‡®§‡©Ç ‡®ó‡®æ ‡®¶‡®ø‡©±‡®§‡®æ ‡®∏‡®æ‡®®‡©á‡©∞ ‡®ì‡®π‡©Ä ‡®™‡®∞‡®µ‡®æ‡®®,124,1 year ago
186,Babbumaan jindabaad ,,1 month ago
187,Babbumaan jindabaad Ô∏è,,1 month ago
188,"‡®µ‡®ø‡®∏‡®æ‡®ñ‡©Ä ‡®§‡©á ‡®ñ‡®æ‡®≤‡®∏‡®æ ‡®™‡©∞‡®• ‡®∏‡®æ‡®ú‡®®‡®æ ‡®¶‡®ø‡®µ‡®∏ ‡®¶‡©Ä‡®Ü‡®Ç
‡®Ü‡®™ ‡®∏‡©±‡®≠ ‡®®‡©Ç‡©∞ ‡®≤‡©±‡®ñ ‡®≤‡©±‡®ñ ‡®µ‡®ß‡®æ‡®à‡®Ü‡®Ç‡•§

 ‡®¨‡©±‡®¨‡©Ç ‡®Æ‡®æ‡®®",67,1 year ago
189,Legend ,,1 month ago
190,"‡®ú‡®ø‡©∞‡®®‡©Ä ‡®µ‡®æ‡®∞ ‡®Æ‡®∞‡©õ‡©Ä ‡®¶‡©á‡®ñ ‡®≤‡®ì ‡®Æ‡®® ‡®®‡©Ä ‡®≠‡®∞‡®¶‡®æ 

‡®ú‡®ø‡®â‡®Ç‡®¶‡®æ ‡®∞‡®π‡®ø ‡®Æ‡®æ‡®®‡®æ ",80,1 year ago
191,‡®π‡©Å‡®£ ‡®ü‡©Å‡®ü‡®£ ‡®ó‡©á ‡®∞‡®ø‡®ï‡®æ‡®∞‡®° ‡®¨‡©±‡®≤‡©Ä‡®è ‡®Ü ‡®ó‡®ø‡®Ü ‡®ñ‡©∞‡®ü ‡®µ‡®æ‡®≤‡®æ ‡®Æ‡®æ‡®® ‡®¨‡©±‡®≤‡©Ä‡®è  Maan Saab Ô∏èÔ∏è,20,1 year ago
192,Love you maan saabÔ∏è,1,5 months ago
193,‡®¨‡®æ‡®à ‡®§‡©á‡®∞‡©á ‡®´‡©à‡®®  ‡®Ü‡®Ç ‡®§‡©á‡®∞‡©á ‡®π‡©Ä ‡®∞‡®π‡®æ‡®Ç ‡®ó‡©á,2,4 months ago
194,‡®Ö‡©±‡®ú ‡®ï‡©±‡®≤ ‡®¶‡©á ‡®ú‡®µ‡®æ‡®ï‡®æ‡®Ç ‡®µ‡®ø‡©±‡®ö ‡®ì ‡®ó‡©±‡®≤ ‡®ï‡®ø‡©±‡®•‡©á.... ‡®Æ‡®æ‡®®‡®æ ‡®ú‡©ã ‡®§‡©Ç ‡®ó‡®æ ‡®¶‡®ø‡©±‡®§‡®æ ‡®∏‡®æ‡®®‡©á‡©∞ ‡®ì‡®π‡©Ä ‡®™‡®∞‡®µ‡®æ‡®®,101,1 year ago
195,Babbumaan jindabaad Ô∏è,,1 month ago
196,Babbumaan jindabaad Ô∏è,,1 month ago
197,Babbumaan jindabaad Ô∏è,,1 month ago
198,Babbumaan jindabaad ,,1 month ago
199,Babbumaan jindabaad Ô∏è,,1 month ago
200,‡®ú‡®¶‡©ã‡®Ç ‡®Æ‡®∞‡®ú‡®º‡©Ä ‡®∏‡©Å‡®£‡®≤‡©ã ‡®®‡®µ‡®æ‡®Ç ‡®ó‡©Ä‡®§ ‡®≤‡©±‡®ó‡®¶‡®æ ‡®∞‡©Ç‡®π ‡®ñ‡©Å‡®∏‡®º ‡®π‡©ã ‡®ú‡®æ‡®Ç‡®¶‡©Ä ‡®¨‡®æ‡®à ‡®ó‡©Ä‡®§ ‡®∏‡©Å‡®£‡®ï‡©á,,7 months ago
201,Babbu Mann ,,2 weeks ago
202,100 percent original views and original comments salute to Maan Sahib,,1 year ago
203,"Oh 2 dahake pehla kabze kubze gaa dite 
Bachpan chh babu maan de 
gaane sunde si 
 Hone Sidhu moose Ale de 
Read more",3,4 months ago
204,Ô∏èÔ∏è‡®Ü‡®™‡®£‡©á ‡®®‡®®‡©á ‡®¨‡®ö‡®ø‡®Ü ‡®®‡©Ç‡©∞ ‡®§‡®π‡®ø‡®ú‡©Ä‡®¨ ‡®∏‡®ø‡®ñ‡®æ‡®µ‡®æ‡®Ç‡®ó‡©á ‡®ï‡©Ä ‡®ñ‡®æ‡®≤‡®∏‡®æ ‡®∞‡®æ‡®ú ‡®Ö‡®∏‡©Ä‡®Ç ‡®™‡©ú‡®µ‡®æ‡®ó‡©á Ô∏è,102,1 year ago
205,Father of Punjab music industry ,37,11 months ago
206,Goosebumps Ô∏è,,11 months ago
207,Babu maan Ô∏è,1,3 months ago
208,Number one punjabi singer only Babbu mann lots of love for you and your melodies voice,5,1 year ago
209,Sachi gal aa maan saab love u aa,,4 weeks ago
210,‡®™‡®π‡®ø‡®≤‡©Ä ‡®µ‡®æ‡®∞‡©Ä ‡®á‡®π‡®¶‡®æ ‡®π‡©ã‡®á‡®Ü ‡®á‡®ï ‡®ó‡©Ä‡®§ ‡®¶‡©á ‡®¶‡©ã ‡®Ö‡®≤‡©±‡®ó-‡®Ö‡®≤‡©±‡®ó ‡®µ‡©Ä‡®°‡©Ä‡®ì ‡®á‡®ï ‡®™‡©∞‡®ú‡®æ‡®¨ ‡®Ö‡®§‡©á ‡®¶‡©Ç‡®ú‡®æ ‡®ï‡®®‡©á‡®°‡®æ ‡®á‡®π ‡®µ‡©Ä ‡®á‡©±‡®ï world ‡®∞‡®ø‡®ï‡®æ‡®∞‡®° ‡®¨‡®£ ‡®ó‡®ø‡®Ü ,40,1 year ago
211,Beautifull song amazing singing paa ji ‚öò‚öò‚öò,3,1 year ago
212,one and only ustad babbu maan ,17,1 year ago
213,Love you ustad ji nice song Ô∏èÔ∏èÔ∏èÔ∏èÔ∏è,,3 months ago
214,"Punjabi industry ch haale 2 hi bande ne.....jehade 10-15 min de gaane vich v.......dhyaan edhar-odher nhi jaan dinde kisse da v
1.ustaad babbu maanÔ∏è
Read more",,1 year ago
215,"Gaayki da main stop‡•§   is to baad kuj ni,, love you babbu ma'an Saab and ma'an fans Ô∏èÔ∏èÔ∏èÔ∏èÔ∏è",3,2 months ago
216,"‡®¶‡©á‡®ñ ‡®ö‡©ú‡®æ‡®à ‡®ú‡©±‡®ü ‡®¶‡©Ä
‡®ï‡®à‡®Ü‡®Ç ‡®®‡©Ç‡©∞ ‡®Ü‡®â‡®Ç‡®¶‡®æ ‡®®‡®æ ‡®ö‡©à‡®® ‡®Ü
‡®ú‡©ã 23 ‡®∏‡®æ‡®≤ ‡®™‡®π‡®ø‡®≤‡®æ‡®Ç ‡®™‡®æ‡®á‡®Ü ‡®∏‡©Ä
‡®Æ‡©Å‡®ï‡®æ‡®Æ ‡®Ö‡©±‡®ú ‡®µ‡©Ä ‡®ï‡©à‡®Æ ‡®Ü
Read more",76,1 year ago
217,Please Babbu maan sir da kise hor nal  comparison nhi hai tusi v kise nal na kro comparison please bhaji is great singer and great person great personality  babbu bhaji is great human  alot of love from south africa üáøüá¶,9,1 year ago
218,Masterpiece,3,1 year ago
219,Maana tere es geet ne babut pvaara paaya‚Ä¶ edi peerh kdi ni Jaani bheda nu te koi naal hi leke turgya edi peerh,4,4 months ago
220,fan of babbu maan since mitra di chhatri udd gyi. Played this song anytime,2,8 months ago (edited)
221,Love you maan saab,,2 months ago
222,‡®á‡©±‡®ï ‡®ó‡®æ‡®£‡©á‡®Ç ‡®¶‡©Ä‡®Ü‡®Ç ‡®¶‡©ã ‡®µ‡©Ä‡®°‡©Ä‡®ì ‡®á‡®π ‡®ï‡©∞‡®Æ ‡®∏‡®ø‡®∞‡®´ ‡®¨‡©±‡®¨‡©Ç ‡®Æ‡®æ‡®® ‡®π‡©Ä ‡®ï‡®∞ ‡®∏‡®ï‡®¶‡®æ ‡®π‡©ã‡®∞ ‡®ï‡©ã‡®à ‡®®‡©Ä Ô∏èÔ∏èÔ∏è,30,1 year ago
223,Still favourite Ô∏è,1,10 months ago
224,He‚Äôs just blessed !,,6 months ago
225,Love you maan saab,,2 months ago
226,Father of Punjabi music a real legend with a heart like God's heart thank you Mr Babbu Maani appreciate your music    ,,6 months ago
227,. Eh geet amr hogya‚Ä¶ koi ehnu sunnda sunnda ehnu naal hi lehgya,5,4 months ago
228,"‡®®‡®æ ‡®∏‡©Ç‡®´‡®º‡©Ä ‡®§‡©á ‡®®‡®æ ‡®∏‡©∞‡®§ ‡®ï‡©Å‡©ú‡©á
‡®®‡®æ ‡®∏‡®æ‡®ß ‡®§‡©á ‡®®‡®æ ‡®Æ‡®π‡©∞‡®§ ‡®ï‡©Å‡©ú‡©á
‡®ú‡©±‡®ü ‡®¨‡®ø‡®ó‡©ú‡®ø‡®Ü ‡®π‡©ã‡®á‡®Ü ‡®Æ‡©à ‡®¨‡©±‡®≤‡©Ä‡®è
‡®™‡®ø‡©∞‡®° ‡®Ü ‡®Æ‡©á‡®∞‡®æ ‡®ñ‡©∞‡®ü ‡®ï‡©Å‡©ú‡©á
Read more",40,1 year ago
229,No word to say..you r great singer of punjab,1,5 months ago
230,Lub u Ustad ji all time favorite song repeat te chli jnda,12,1 year ago
231,Ustaad babbu maan ji Ô∏èÔ∏èÔ∏è,,2 weeks ago
232,Great song maan saab Ô∏èÔ∏è,2,1 year ago
233,Love from Punjab PakistanÔ∏è,2,1 month ago
234,‡®™‡®π‡®ø‡®≤‡©Ä ‡®µ‡®æ‡®∞‡©Ä ‡®á‡©±‡®ï ‡®ó‡®æ‡®£‡©á ‡®¶‡©Ä‡®Ü ‡®¶‡©ã ‡®µ‡©Ä‡®°‡©Ä‡®ì  ‡®Ü‡®à‡®Ü ‡®∂‡©Ç‡®™‡®∞,66,1 year ago
235,‡®ú‡©∞‡®Æ‡®¶‡©Ä‡®®‡®Æ ‡®Æ‡©Å‡®¨‡®æ‡®∞‡®ï ‡®Æ‡®æ‡®® ‡®∏‡®æ‡®¨ Ô∏è,1,7 months ago
236,The great !! The best .. proud to be B.Mann vir,4,9 months ago
237,Adab punjabi att geet.. Ajj v peerh aah bheda nu edi te rhu gi ,1,4 months ago
238,"This is called a good song (very meaningful)
# big fan of babbu maan

Other singers are only doing their praise in their songs.",30,1 year ago
239,Dhan baba deep singh g,2,4 months ago
240,‡®Ö‡©±‡®ú ‡®¶‡©á ‡®≤‡©±‡®≤‡©Ä-‡®õ‡©±‡®≤‡©Ä ‡®ú‡®µ‡®æ‡®ï ‡®ú‡®ø‡®π‡©á ‡®∞‡©Ä‡®∏ ‡®ï‡®∞‡®¶‡©á ‡®®‡©á ‡®ñ‡©∞‡®ü ‡®µ‡®æ‡®≤‡©á ‡®Æ‡®æ‡®® ‡®∏‡®æ‡®¨ ‡®¶‡©Ä...Living legend Maan saab,46,1 year ago
241,Babbu maan Austtad ji tuhad har ik song hint huda haa love u austtad ji,2,11 months ago
242,Babbu mann hor singers taran adh naghian kudyian nahi nachonda he is real legend of his culture,16,1 year ago
243,Kithe asla chakkan deine aah putt bgaane ni‚Ä¶. ,6,5 months ago
244,King  of live music ,4,1 year ago
245,waheguru ji app ji nu chardi kala kern,,1 month ago
246,Babbu Maan Saab Zindabaad. jado takk eh duniya rahugi oddo takk Maan Saab Ji de geet duniya Vichh goonjde rehnge. with respect Love you Maan Saab ,34,1 year ago
247,greatest of all time....legend of punjabi music industry..love nd respect fr this great singer...may he live long ..,8,5 months ago
248,The real fans never forget what this man did for the culture...,18,1 year ago
249,Maan beimaan legend of punjab ,1,4 months ago
250,Babu mann best singer in the industry ,17,1 year ago
251,Nice song maan Saab ,,4 months ago
252,‡®á‡©∞‡®°‡®∏‡®ü‡®∞‡©Ä ‡®õ‡©±‡®° ‡®¶‡©Å‡®®‡©Ä‡®Ü ‡®π‡®ø‡®≤‡®æ ‡®¶‡®ø‡©±‡®§‡©Ä ‡®á‡©±‡®ï ‡®ó‡©Ä‡®§ ‡®¶‡©Ä‡®Ü‡®Ç ‡®¶‡©ã ‡®µ‡©Ä‡®°‡©Ä‡®ì ‡®á‡©±‡®ï‡©ã ‡®ü‡®æ‡®à‡®Æ ‡®ï‡©±‡®¢ ‡®ï‡©á ,43,1 year ago
253,5 million original views completed Ô∏è,15,1 year ago
254,Amazing  lyrics,2,1 year ago
255,‡®µ‡®æ ‡®¨‡©±‡®¨‡©Ç ‡®Æ‡®æ‡®Ç‡®® ‡®∏‡®æ‡®π‡®ø‡®¨ ‡®ú‡©Ä,1,3 weeks ago
256,Khant aala maan  On  repeat Ô∏èÔ∏èÔ∏è,16,1 year ago
257,Love you jatta ,1,4 months ago
258,‡®ú‡®ø‡®π‡©ú‡©á 2005 ‡®§‡©ã‡®Ç ‡®≤‡©á ‡®ï‡©á ‡®π‡©Å‡®£ ‡®§‡©±‡®ï ‡®∏‡©Å‡®£‡®¶‡©á ‡®Ü ‡®¨‡®æ‡®à ‡®®‡©Ç‡©∞ ‡®ï‡®∞‡©ã‡®Ç ‡®ú‡©Ä ‡®≤‡®æ‡®á‡®ï ,751,1 year ago
259,My favorite singer  bhut vadia song sir and bhagra,1,1 year ago
260,Still listening to this beautiful song on repeat. Forever songs by Maan Saab. You're the best Maan Saab ,6,8 months ago
261,Ustad ji Love from Pakistan üáµüá∞,2,4 months ago
262,‡®≤‡®µ ‡®Ø‡©Ç ‡®Æ‡®æ‡®® ‡®∏‡®æ‡®¨ ,13,1 year ago
263,Maan Saab Ô∏èÔ∏è,,1 month ago
264,‡®¨‡©∞‡®¶‡®æ‡®Ç ‡®∏‡®ø‡©∞‡®ò ‡®¨‡®æ‡®π‡®¶‡®∞ ‡®Æ‡®ø‡©±‡®§‡®∞‡©ã‡®Ç ‡®Æ‡©á‡®∞‡®æ ‡®π‡©Ä‡®∞‡©ã ‡®ÜÔ∏è,28,1 year ago
265,10 millions golden views. No promotion no fake clicks no Adds. Ô∏èÔ∏è,3,1 year ago
266,He is great singer great person and great writer,8,1 year ago
267,Maan saab,,3 months ago
268,Legend always legend,7,1 year ago
269,Maan saabÔ∏è,,5 months ago
270,I love you ustad babbu maan sahab & love you all maan fans.,40,1 year ago
271,Sir Babu maan saab g nu koi ni beat kr skda punjabhi industry ch in future v ni he is always best ,19,1 year ago
272,‡®Ö‡®Æ‡®∞ ‡®ó‡©Ä‡®§ Ô∏è,9,1 year ago
273,"All Sikhs are legend, I am not saying this, but history tells",3,3 months ago
274,This song deserve million of views and comments,10,1 year ago
275,UstaadÔ∏è babbu maan,,1 month ago
276,"‡®¨‡®æ‡®≤ ‡®≤‡©∞‡®¨‡©á ‡®∞‡©±‡®ñ ‡®∞‡©±‡®ñ ‡®¨‡©ú‡©á ‡®Æ‡©Å‡©∞‡®°‡©á ‡®Ü‡®è
‡®™‡®∞ ‡®ú‡©±‡®ü‡©Ä‡®è ‡®ï‡©ã‡®à ‡®¨‡©±‡®¨‡©Ç‡®Æ‡®æ‡®® ‡®®‡©Ä ‡®â ‡®¨‡®£‡®ø‡®ÜÔ∏èÔ∏è",49,1 year ago
277,Legendary singer Legendary songs,,1 year ago
278,Legends r true legends no compition,,9 months ago
279,UstaadÔ∏è babbu maan,,1 month ago
280,Morning ki suruaat es gaane ko sunkar hoti hai daily ,7,1 year ago
281,UstaadÔ∏è babbu maan,,1 month ago
282,All time favourite forever Legand of Music industry One and only Babbu Maan,35,1 year ago
283,Super Hit Singer Forever Unbeatable Voice,,1 year ago
284,Kya baat hai song ho to Aisa salute hai ustad ji babbu Maan zindabaad  IÔ∏èÔ∏èÔ∏èÔ∏è,8,9 months ago
285,UstaadÔ∏è babbu maan,,1 month ago
286,100 million tak b sunange appan Ô∏èÔ∏èÔ∏è,57,1 year ago
287,UstaadÔ∏è babbu maan,,1 month ago
288,‡®Æ‡©à‡®®‡©Ç‡©∞ ‡®Æ‡®æ‡®£ ‡®™‡©∞‡®ú‡®æ‡®¨‡©Ä ‡®π‡©ã‡®£ ‡®§‡©á ,35,1 year ago
289,"Great song maan saab . 
Pura culture ik maala vich pro ditta tuhade is geet ne ",2,1 year ago
290,"Mann Saab, wait for your song like this, like eating bread and sleeping at night,,,,sirra song ",22,1 year ago
291,Only BABBU maan Ô∏èÔ∏èÔ∏è,,2 weeks ago
292,Evergreen song,1,1 year ago
293,‡®ú‡®≤‡®¶‡©Ä ‡®Æ‡®æ‡®® ‡®∏‡®æ‡®¨ ‡®Ö‡©ú‡®¨ ‡®™‡©∞‡®ú‡®æ‡®¨‡©Ä 4,1,1 month ago
294,‡®∏‡®ø‡©∞‡®ó‡©Ç ‡®¨‡®æ‡®°‡®∞ ‡®§‡©á ‡®¨‡©à‡®†‡©á ‡®∏‡©Å‡®£ ‡®∞‡®ø‡®π‡®æ,27,1 year ago
295,Bai sira kraata ...i love you bai ..beat sun ke hi rooh khush ho jandi aa.. song sun ke swarga de njaare aa jande aa,3,1 year ago
296,Maan saab is the best singer of india,,1 year ago
297,"‡®ú‡®ø‡®π‡©ú‡©á ‡®µ‡©Ä ‡®§‡©Ç‡®´‡®æ‡®® ‡®Ü‡®è ‡®ö‡©ú‡©ç‡®π ‡®ö‡©ú‡©ç‡®π ‡®Æ‡©à‡®Ç ‡®™‡©à‡®∞‡®æ‡®Ç ‡®π‡©á‡®†‡®æ‡®Ç ‡®∞‡©ã‡®≤‡©á ‡®®‡©á
‡®®‡®æ‡®Æ ‡®á‡©±‡®ï‡©ã ‡®π‡©à ‡®¨‡®¶‡®®‡®æ‡®Æ ‡®ñ‡©∞‡®ü‡©Ä‡®Ü‡®Ç ‡®∏‡®º‡®¨‡®¶ ‡®∏‡®æ‡®∞‡©á ‡®∏‡©±‡®ö ‡®¨‡©ã‡®≤‡©á ‡®®‡©á
‡®Ü‡®ú‡®æ 15 ‡®®‡©Ç‡©∞ ‡®ï‡©Å‡®¨‡®æ‡®π‡©á‡©ú‡©Ä ‡®µ‡®ø‡©±‡®ö ‡®Æ‡©ã‡®π‡®æ‡®≤‡©Ä ‡®™‡©±‡®§‡©á ‡®∏‡®æ‡®∞‡©á ‡®Æ‡©à‡®Ç ‡®ñ‡©ã‡®≤‡©á ‡®®‡©á
‡®≤‡®æ‡®∏‡®ü ‡®Ü‡®≤‡®æ ‡®´‡©à‡®® #DSM68",,11 days ago
298,Nice song on the repeat ,,1 year ago
299,"Like at my heart, the mann , the great singer and person,",,3 months ago
300,Babbu maan ...the living legend of Punjabi music industry ,21,1 year ago
301,Ehnu kehnde singer lakhari ..oh 22 tera koi tod ni..best of best singer of punjabi industry..love u beimaan,,7 months ago
302,Real legend BABBU MAAN great man always luv u paji ,,1 year ago
303,Babbumaan jindabaad Ô∏è,2,1 month ago
304,Koi rees nai maan saab di .he is really great man.love u maan saab ustad ji.jionde rho hamesha. Khush rho hameasha,,1 year ago
305,‡®¨‡©±‡®¨‡©Ç ‡®Æ‡®æ‡®® Ô∏èÔ∏è,1,6 days ago
306,Maan Saab the Great singer of Asia love from bhadra Rajasthan ,41,1 year ago
307,Ustada ji da song  love you ji ap nu ustada ji,1,9 months ago
308,‡®¨‡©±‡®¨‡©Ç ‡®Æ‡®æ‡®® ‡®â‡®∏‡®§‡®æ‡®¶ ‡®ú‡©Ä ‡®¶‡©Ä ‡®°‡©Ç‡©∞‡®ò‡©Ä ‡®∏‡©ã‡®ö ‡®®‡©Ç‡©∞ ‡®∏‡®≤‡®Æ ‡®ó‡©Ä‡®§ ‡®¨‡®π‡©Å‡®§ ‡®¨‡®π‡©Å‡®§ ‡®™‡®ø‡®Ü‡®∞ ‡®è ‡®ú‡©Ä,30,11 months ago
309,‡®¨‡©±‡®¨‡©Ç ‡®Æ‡®æ‡®® ‡®∏‡®æ‡®¨ ‡®ú‡®ø‡©∞‡®¶‡®æ‡®¨‡®æ‡®¶ Ô∏èÔ∏è,,6 days ago
310,Maan saab bilkul thik kha tusi 2005 mitran de chitri puri dhoom c tuhada asa album de pakistan punjab ch.love you maan saab ho ga pakistan tu ,1,6 months ago
311,"Is geet ton keyi sadd sadd murde hogye..... Ô∏è
Adab punjabi Ô∏è",5,3 months ago
312,Congratulations to all maan fans,30,1 year ago
313,I am speechless ,,6 months ago
314,This Video going to completing #10 Millions Original & Genuine Views within in 4 months Ô∏èÔ∏èÔ∏èÔ∏è,26,1 year ago
315,Maan Ô∏è,1,5 months ago
316,"Let's make this video the most viewed punjabi video ever, it represents what we are",14,1 year ago
317,very nice  song   .sada sukhi rakhe Rab .,5,4 months ago
318,"‡®Æ‡®æ‡®®‡®æ‡®Ç ‡®Æ‡®æ‡®£ ‡®¨‡©ú‡®æ ‡®∏‡®æ‡®®‡©Ç‡©∞ ‡®§‡©á‡®∞‡©á ‡®´‡©à‡®® ‡®π‡©ã‡®£ ‡®§‡©á ‡®≤‡®ø‡®ñ‡®§ ‡®®‡©Ç‡©∞ ‡®∏‡®≤‡®æ‡®Æ,,,,,",34,1 year ago
319,On repeat since relesed,,1 year ago
320,"‡®ï‡®ø‡®∞‡®§‡©Ä ‡®§‡©á ‡®Æ‡®ø‡®π‡®®‡®§‡®ï‡®∏‡®º ‡®π‡®æ‡®Ç ‡®∞‡®æ‡®ñ‡®º‡©á ‡®Æ‡®ú‡®º‡®¶‡©Ç‡®∞‡®æ‡®Ç ‡®¶‡©á,,",,1 year ago
321,Khant aala jatt ,2,4 months ago
322,It is impossible to say a man get success without struggle.like our pride babbu man shab,35,1 year ago
323,Nice song  maan saab,2,3 days ago
324,‡®ï‡©å‡®£ ‡®ï‡©å‡®£ ‡®ï‡®ø‡®∏‡®æ‡®®‡©Ä ‡®Ö‡©∞‡®¶‡©ã‡®≤‡®® ‡®µ‡®ø‡©±‡®ö ‡®π‡®æ‡®ú‡®º‡®∞‡©Ä ‡®≤‡®µ‡®æ ‡®Ü‡®á‡®Ü ‡®Ü‡®™‡®£‡©Ä ...,20,1 year ago
325,‡®¨‡®æ‡®à ‡®ú‡©Ä ‡®Ö‡®∏‡®≤‡©Ä 7‡®Æ‡®ø‡®≤‡©Ä‡®Ö‡®® ‡®≤‡®à ‡®∏‡®æ‡®∞‡©á ‡®´‡©à‡®º‡®®‡®∏ ‡®§‡©á ‡®Æ‡®æ‡®® ‡®∏‡®æ‡®¨ ‡®®‡©Ç‡©∞ ‡®¨‡®π‡©Å‡®§ ‡®¨‡®π‡©Å‡®§ ‡®µ‡®ß‡®æ‡®à‡®Ü‡®Ç ‡®π‡©ã‡®£ ‡®ú‡©Ä,,1 year ago
326,Living Legend,24,1 year ago
327,Bahut hi vadia singar and song ,,1 month ago
328,WOW BEAUTIFUL SONG Ô∏è,3,1 year ago
329,Att jattaÔ∏è,1,3 weeks ago
330,"Audio  
Video  
Music   
Lyrics  
Read more",30,1 year ago
331,One and only ustad babbu maan ,,1 year ago
332,The king of industry legends of babbu maan Saab Ô∏èÔ∏èÔ∏èÔ∏èÔ∏èÔ∏èÔ∏èÔ∏èÔ∏èÔ∏è,1,1 year ago
333,‡®ú‡©Ä‡®ú‡®æ ‡®¨‡©±‡®¨‡©Ç ‡®Æ‡®æ‡®® ‡®π‡©à‡®ü‡®∞‡®æ ‡®¶‡®æ ,2,1 month ago
334,"Awesome singing, lyrics,acting maasha allah. No one can say your age, you are still young as u were saun do jhadi. Veer g I got married 18/02/2002. Now u know. Dil ki hai, dil ta pagal hai. I wonder if brains came with Ô∏è",15,1 year ago
335,Nyc Super Duper Gjb  Maan Saab,,2 months ago
336,TRENDING 1 ‡®§‡©á ‡®™‡©∞‡®ú‡®æ‡®¨ ‡®Ü‡®≤‡©Ä ‡®á‡®π 6 ‡®®‡©∞‡®¨‡®∞ ‡®§‡©á ‡®Ü.. ‡®¶‡©Ç‡®ú‡©á ‡®®‡©∞‡®¨‡®∞ ‡®§‡©á ‡®≤‡©à ‡®ï‡©á ‡®Ü‡®â‡®£‡©Ä ‡®∏‡®º‡©á‡®Ö‡®∞ ‡®ï‡®∞‡©ã ‡®µ‡©±‡®ß ‡®§‡©ã‡®Ç ‡®µ‡©±‡®ß ‡®∏‡®æ‡®∞‡©á ‡®ú‡®æ‡®£‡©á,37,1 year ago
337,One and only ustad babbu maan ,,1 year ago
338,All time blockbuster song jo haters nu hamesha pain dinda raho,,1 year ago
339,Babbu maan zindabad,1,4 months ago
340,‡®¨‡®π‡©Å‡®§ ‡®π‡©Ä ‡®µ‡®ß‡©Ä‡®Ü ‡®ó‡©Ä‡®§ ‡®è ‡®µ‡©Ä‡®∞ ‡®ú‡©Ä     best of luck ‡®ò‡©à‡®Ç‡®ü ‡®ó‡®æ‡®£‡®æ ‡®ó‡®æ‡®á‡®Ü ‡®è ‡®µ‡©Ä‡®∞ ‡®ú‡©Ä ‡®®‡©á ,,6 months ago
341,Jind Jaan babbu maan Ô∏èÔ∏èÔ∏è,,1 month ago
342,"‡®á‡®π ‡®†‡©±‡®ó ‡®µ‡®™‡®æ‡®∞‡©Ä‡®Ü‡®Ç ‡®®‡©á ‡®∏‡®æ‡®°‡©á ‡®Æ‡©±‡®•‡©á ‡®ú‡©ú‡®§‡®ø‡®Ü‡®Ç ‡®ú‡®æ‡®§‡®æ‡®Ç,
‡®á‡®π ‡®ï‡©Ä ‡®∏‡®Æ‡®ù‡®£‡®ó‡©á ‡®ó‡©Å‡©±‡®ù‡©Ä‡®Ü‡®Ç ‡®Æ‡®æ‡®® ‡®¶‡®ø‡®Ü‡®Ç ‡®¨‡®æ‡®§‡®æ‡®Ç ",50,1 year ago
343,Lyrical genius,,1 year ago
344,Grt lyrics Ô∏èmaan saab,2,1 year ago
345,"Na Gall kar Keats Di

Na Gal Kar Ghalib Di

Taleem Badi Tedi

Khant Walle Talib Di.......",,3 months ago
346,‡®≤‡©Å‡®µ ‡®ú‡©Ç ‡®¨‡®æ‡®à ‡®ú‡©Ä ,1,1 year ago
347,Ustad ji very niceÔ∏è,1,4 months ago
348,"You are great singer maan Saab in whole world love from Galar ,Rajgarh ,Rajasthan",21,1 year ago (edited)
349,True legend!!!,4,1 year ago
350,6 million orginal views comming soon ,25,1 year ago
351,Bhot sohna song Ô∏è,,3 months ago
352,Adab Punjabi di tone sunn ke mood change ho janda,15,1 year ago
353,Very very nice ,,3 months ago
354,‡®¨‡®æ‡®¨‡®æ ‡®¨‡©∞‡®¶‡®æ ‡®∏‡®ø‡©∞‡®ò ‡®¨‡®π‡®æ‡®¶‡®∞ ‡®ú‡©Ä ‡®¶‡©á ‡®®‡®æ‡®Æ ‡®§‡©á ‡®ï‡®∞‡©ã ‡®≤‡®æ‡®à‡®ï‡•§,130,1 year ago
355,Maan saab tuhade naal Punjabi industry hai ,2,1 year ago
356,babbu maan sir is my favourite from all punjabi singers,1,11 months ago
357,Love you Babu maan ,3,4 months ago
358,Maan shabh always on top full love from haryana ,,1 year ago
359,Legend,,3 months ago
360,The real legend of punjabi industry,28,1 year ago
361,EK NUMBER SONGÔ∏è,4,1 year ago
362,Beautiful song Ô∏èÔ∏è,1,6 months ago
363,Very nice song veerji,,11 days ago
364,Beautiful  song and lyrics.,1,1 year ago
365,Nice song maan saab,1,2 months ago
366,80 Saal da Baba deep seoo neri lyagia si ,74,1 year ago
367,Love this song,,1 year ago
368,Great lyrics ,,10 months ago
369,Siraa song man saabking of industry,,2 weeks ago
370,"I'm from Somalia üá∏üá¥ we love punjabi music and the Boss
Babbu mannnnn",4,6 months ago
371,Very nice song and music video ,,2 months ago
372,‡®°‡®ø‡®∏‡®≤‡®æ‡®à‡®ï ‡®ï‡®∞‡®® ‡®µ‡®æ‡®≤‡®ø‡®Ü‡®Ç ‡®®‡©á ‡®™‡©Ç‡®∞‡®æ ‡®ú‡®º‡©ã‡®∞ ‡®≤‡®æ‡®á‡®Ü ‡®∏‡©Ä ‡®™‡®∞ ‡®ï‡©±‡®ü‡©ú ‡®´‡©à‡®® ‡®§‡®æ‡®Ç ‡®á‡©±‡®ï ‡®π‡©Ä ‡®ï‡®æ‡®´‡©Ä ‡®π‡©à‡•§,87,1 year ago
373,"Jinne time dia web series aundia, one tym da jatt da ik gaana aunda ",2,11 months ago
374,‡®∏‡®º‡®¨‡®¶‡®æ‡®Ç ‡®¶‡®æ ‡®∏‡©å‡®¶‡®æ‡®ó‡®∞ ‡®ú‡©ã ‡®¶‡®ø‡®≤‡®æ‡®Ç ‡®§‡©á ‡®∞‡®æ‡®ú ‡®ï‡®∞‡®¶‡®æ ‡®∏‡®≤‡®æ‡®Æ ‡®ï‡®≤‡®Æ ‡®®‡©Ç‡©∞,4,10 months ago
375,Luv u maan saab,,4 months ago
376,"Ghaint superb always good 
Legend babbu maan g",3,1 year ago
377,Super duper hit song Ô∏èÔ∏èÔ∏èÔ∏èÔ∏è,,12 days ago
378,"‡®ï‡©±‡®≤‡©Ä ‡®ï‡©±‡®≤‡©Ä ‡®ó‡©±‡®≤ ‡®†‡©ã‡®ï ‡®ï‡©á ‡®ï‡®π‡©Ä ‡®π‡©à, ‡®µ‡®æ‡®π ‡®ú‡©Ä ‡®µ‡®æ‡®π ‡®ú‡©Ä‡®ì ‡®Æ‡®æ‡®® ‡®∏‡®æ‡®π‡®ø‡®¨ ‡®ú‡©Ä, Ô∏è",30,1 year ago
379,LIVING LEGENDÔ∏è,7,1 year ago
380,‡®â‡®∏‡®§‡®æ‡®¶ ‡®ú‡©Ä ‡®∏‡®ø‡®∞‡®æ ‡®≤‡®µ‡®æ ‡®¶‡®ø‡©±‡®§‡®æ ,1,1 year ago
381,"Rest in power  
Sidhu moose wala ",42,4 months ago
382,Very big budget song by maan saab audio video both blockbuster ,1,10 months ago
383,"Babbu Maan Zindabad 
RIP sheep",1,3 months ago
384,‡®∏‡®ø‡©±‡®ñ ‡®Æ‡®ø‡®∏‡®≤‡®æ‡®Ç ‡®¶‡©á ‡®ú‡®∞‡®®‡©à‡®≤‡®æ‡®Ç ‡®®‡©Ç‡©∞ ‡®ù‡©Ç‡®ï ‡®ï‡©á ‡®∏‡®≤‡®æ‡®Æ ‡®ï‡®∞‡®æ‡®Ç ,200,1 year ago
385,"Well that Chinese soldier who was picked up by Indian soldiers was scared like child.
In the end you made this whole song worth listening.",1,1 year ago
386,WOW AMAZING SONG ,2,9 months ago
387,Love it,,4 months ago
388,Biggest artist of punjabi industry,,1 year ago
389,Bhai babbu maan th√© legend singer et great humain being,2,3 weeks ago
390,‡®á‡®ï ‡®ó‡®æ‡®£‡©á ‡®¶‡©Ä‡®Ü‡®Ç ‡®¶‡©ã ‡®µ‡©Ä‡®°‡©Ä‡®ì‡©õ ‡®®‡®π‡©Ä‡®Ç ‡®∞‡©Ä‡®∏‡®æ ‡®Æ‡®æ‡®® ‡®¶‡©Ä‡®Ü‡®Ç ,61,1 year ago
391,MY FAVORITE SONG ,1,8 months ago
392,Kya baat hai song ho to Aisa salute hai ustad ji babbu Maan zindabaad Ô∏èÔ∏èÔ∏èÔ∏èÔ∏è,3,9 months ago
393,Very  good song ,,1 month ago
394,Sira karai hoyi maan saab ajj first time suniya   nazara a gya   Ô∏èÔ∏è,,1 year ago
395,King ,,2 months ago
396,"‡®µ‡®æ‡®π ‡®ú‡©Ä ‡®µ‡®æ‡®π
‡®∏‡®ø‡©±‡®ñ ‡®Æ‡®ø‡®∏‡®≤‡®æ‡®Ç ‡®¶‡©á ‡®ú‡®∞‡®®‡©à‡®≤‡®æ‡®Ç ‡®®‡©Ç‡©∞ ‡®ù‡©Å‡®ï‡®ï‡©á ‡®∏‡®≤‡®æ‡®Æ ‡®ï‡®∞‡®æ‡®Ç",31,1 year ago
397,Kya baat hai mann sahab ki Ô∏è,1,7 months ago
398,Listning this song everyday,1,8 months ago
399,Vire nice song Maan sab,1,4 months ago
400,Powerful presentation ,2,1 year ago
401,I love you maan sab ji,1,4 months ago
402,‡®°‡®ø‡®∏‡®≤‡®æ‡®à‡®ï ‡®ï‡®∞‡®® ‡®µ‡®æ‡®≤‡®ø‡®Ü‡®Ç ‡®®‡©á ‡®™‡©Ç‡®∞‡®æ ‡®ú‡®º‡©ã‡®∞ ‡®≤‡®æ‡®á‡®Ü ‡®∏‡©Ä ‡®™‡®∞ ‡®ï‡©±‡®ü‡©ú ‡®´‡©à‡®® ‡®§‡®æ‡®Ç ‡®á‡©±‡®ï ‡®π‡©Ä ‡®ï‡®æ‡®´‡©Ä ‡®π‡©à‡•§,106,1 year ago
403,No one can beat Babbu Mann‚Äôs MEANINGFUL lyrics.. moosewala taan kal da jawaak aa Mann sahmane. Peo peo hi hunda hai.,17,1 year ago
404,forever song ..,,1 year ago
405,Love you ustaad Babbumaan saab,,3 months ago
406,Super song Ô∏èÔ∏èÔ∏èÔ∏è,1,1 year ago
407,maan saa ji ,1,3 weeks ago
408,Live King  of Live Babbu Maan,47,1 year ago
409,"‡®¨‡®æ‡®à ‡®ú‡©Ä,
‡®¨‡®π‡®ø‡®ú‡®æ- ‡®¨‡®π‡®ø‡®ú‡®æ ‡®ï‡®∞‡®æ‡®§‡©Ä‡•§",2,1 year ago
410,Great personality ,2,1 year ago
411,Legend  never die,5,1 month ago
412,MASTERPIECE,1,1 year ago
413,Nice Ô∏èÔ∏è,,12 days ago
414,‡®¨‡®æ‡®¨‡®æ ‡®¶‡©Ä‡®™ ‡®∏‡®ø‡©∞‡®ò ‡®ú‡©Ä ‡®≤‡®à ‡®á‡®ï ‡®≤‡®æ‡®à‡®ï ‡®§‡®æ‡®Ç ‡®¨‡®£‡®¶‡®æ ‡®π‡©à ,157,1 year ago
415,"Khatl feel song I' m big fan of "" ""kanth wala maan""",29,1 year ago
416,"Att aa 22g.
Nice meaningful lyrics.",,8 months ago
417,"come here after listening syl 
sidhu still king ",4,3 months ago
418,Such a beautiful voice,1,1 year ago
419,Att song mann saab ji,1,4 months ago
420,"Ajj Tak koyi vi singer apne fans baare nahi gaa sakiya 
You are truly trendsetter",25,1 year ago
421,Es geet ne aisi break laayi c sidhu de bhi ant takk bhulya ni ,3,5 months ago
422,‡®ó‡©Ä‡®§ ‡®¶‡©Ä ‡®§‡®æ‡®∞‡©Ä‡®´‡®º ‡®≤‡®à ‡®∏‡®º‡®¨‡®¶ ‡®Æ‡©Å‡©±‡®ï ‡®ó‡®è,,6 months ago
423,‡®¨‡©±‡®¨‡©Ç ‡®Æ‡®æ‡®® ‡®∏‡®æ‡®¨ ‡®ú‡®ø‡©∞‡®¶‡®æ‡®¨‡®æ‡®¶ Ô∏è,,1 month ago
424,Each word of this song is really heart touching & 100 % True ...Wahe Guru,3,1 year ago
425,love u jatta ,1,4 months ago
426,"No fake views but song of babbumaan Adab punjabi is in trending.
Love you maan saab and all fansÔ∏è",106,1 year ago
427,10 million original view done congratulations maan fans Ô∏è,8,1 year ago
428,I love this song,1,8 months ago
429,kaim aa ustad ji,2,2 months ago
430,Babbu maan is a great singer,,8 months ago
431,ùòïùò∫ùò§ùò§ ùò∂ùò¥ùòµùò¢ùò• ùò´ùò™ ,,2 months ago
432,‡®¨‡®π‡©Å‡®§ ‡®¶‡©Ä‡®Ü ‡®®‡®≤‡©Ä‡®Ü ‡®®‡®ø‡®ï‡®≤ ‡®ó‡®à‡®Ü ‡®Ö‡©ú‡®¨ ‡®™‡©∞‡®ú‡®æ‡®¨‡©Ä ‡®µ‡©Ä‡®°‡®ø‡®â ‡®®‡®æ‡®≤.  ‡®∏‡®ø‡®∞‡®æ ‡®Æ‡®æ‡®® ‡®∏‡®æ‡®¨,37,1 year ago
433,Danger song Ô∏è,1,1 year ago
434,Speechless,,1 year ago
435,Adab punjabiÔ∏è,,1 month ago
436,Awesome song...,,6 months ago
437,Love you ustad ji from Pakistan üáµüá∞,,3 months ago
438,"Ostad ‡®®‡©á ‡®´‡®ø‡®∞ ‡®¨‡®£‡®æ ‡®¶‡®ø‡©±‡®§‡®æ  record  ‡®™‡®π‡®ø‡®≤‡©Ä ‡®µ‡®æ‡®∞  10 mint ‡®¶‡©Ä ‡®µ‡©Ä‡®°‡©Ä‡®ì ‡®µ‡®æ‡®≤‡®æ ‡®ó‡®æ‡®£‡®æ   ‡®ñ‡®ø‡®ö‡©Ä ‡®ö‡©±‡®≤‡©ã  ‡®ï‡©∞‡®Æ ‡®â‡®∏‡®§‡®æ‡®¶ ‡®ú‡©Ä
‡®ï‡®ø‡®∏‡®æ‡®® ‡®Æ‡®ú‡®¶‡©Ç‡®∞ ‡®è‡®ï‡®§‡®æ ‡©õ‡®ø‡©∞‡®¶‡®æ‡®¨‡®æ‡®¶",28,1 year ago (edited)
439,King of Punjabi music industry!!,23,1 year ago
440,"It's impeccable one, you provide motivation",,8 months ago
441,Best Song .     Ô∏è,,1 month ago
442,‡®≤‡®µ ‡®Ø‡©Ç ‡®â‡®∏‡®§‡®æ‡®¶ ‡®ú‡©ÄÔ∏è,,1 year ago
443,Maan is great,,2 months ago
444,Baap of music industry Ô∏èÔ∏èÔ∏èÔ∏è,19,1 year ago
445,Excellent Ô∏è,2,1 year ago
446,‡®∏‡®¶‡®æ‡®¨‡®π‡®æ‡®∞ ‡®ó‡©Ä‡®§,5,1 year ago
447,Ô∏èÔ∏èÔ∏è,2,3 months ago
448, ‡®Æ‡®æ‡®® ‡®∏‡®æ‡®¨ ‡®∞‡®æ‡®ú‡©á ---- --- - ‡®¨‡®æ‡®ï‡©Ä ‡®∏‡®æ‡®∞‡©á ‡®∏‡©ã‡®∞‡©Ä ‡®ü‡©à‡®™‡©Ç,2,1 year ago
449,,1,4 months ago
450,‡®Ö‡©∞‡®§ ‡®∏‡®Æ‡©á‡®Ç ‡®®‡©Ç‡©∞ ‡®π‡©à ‡®™‡®õ‡®§‡®æ‡®â‡®¶‡®æ ‡®ú‡®ø‡©∞‡®®‡©á ‡®´‡©ú‡©Ä ‡®∏‡®Æ‡©á‡®Ç ‡®¶‡©Ä ‡®∞‡®Æ‡®ú ‡®®‡©Ä ‡®π‡©Å‡©∞‡®¶‡©Ä ‡®ï‡©ã‡®à ‡®Æ‡®æ‡©ú‡®æ ‡®¨‡©ã‡®≤‡©á Maan ‡®®‡©Ç‡©∞ ‡®â‡®¶‡®æ‡®∏ ‡®®‡®æ ‡®π‡©ã‡®á‡®Ü ‡®ï‡®∞‡©ã ‡®ï‡®ø‡®â‡®ï‡©Ä ‡®ï‡®¨‡®æ‡©ú ‡®¶‡©á ‡®µ‡®™‡®æ‡®∞‡©Ä‡®Ü‡®Ç ‡®®‡©Ç‡©∞ ‡®∏‡©ã‡®®‡©á ‡®¶‡©Ä ‡®∏‡®Æ‡®ù ‡®®‡©Ä ‡®π‡©Å‡©∞‡®¶‡©Ä,44,1 year ago
451,"‡®¨‡®π‡©Å‡®§ ‡®ò‡©à‡®Ç‡®ü ‡®´‡©Ä‡®≤ ‡®π‡©Å‡©∞‡®¶‡®æ ‡®ó‡©Ä‡®§ ‡®∏‡©Å‡®£‡®ï‡©á 
                               ",1,1 year ago
452,Can‚Äôt wait more for part 2,34,1 year ago
453,babbu maan all song vry betufull maan saab jindabad,1,1 month ago
454,Respect ,,8 months ago
455,80 ‡®∏‡®æ‡®≤ ‡®¶‡®æ ‡®¨‡®æ‡®¨‡®æ ‡®¶‡©Ä‡®™ ‡®∏‡®ø‡©∞‡®ò ‡®π‡®®‡©á‡®∞‡©Ä ‡®≤‡®ø‡®Ü ‡®ó‡®ø‡®Ü ‡®∏‡©Ä my fevert line,10,4 months ago
456,‡®≠‡©∞‡®ó‡©ú‡©á ‡®Ü‡®≥‡©á ‡®µ‡©Ä‡®∞‡®æ‡®Ç ‡®§‡©á ‡®≠‡©à‡®£‡®æ‡®Ç ‡®≤‡®à ‡®á‡©±‡®ï ‡®≤‡®æ‡®à‡®ï ‡®§‡®æ‡®Ç ‡®¨‡®£‡®¶‡®æ Ô∏è,96,1 year ago
457,Wow nice voice usatad ji ,,6 months ago
458,‡®ú‡®ø‡®ä‡®Ç‡®¶‡©á ‡®∞‡®π‡©ã ‡®â‡®∏‡®§‡®æ‡®¶Ô∏èÔ∏èÔ∏è,2,1 year ago
459,,1,4 months ago
460,All time legend of punjab Ô∏èÔ∏èÔ∏è,3,1 year ago
461,Att ah ,,2 months ago
462,‡®ú‡®¶‡©ã ‡®§‡©±‡®ï ‡®∏‡®æ‡®π ‡®ö‡©±‡®≤‡®£‡®ó‡©á ‡®Æ‡®æ‡®® ‡®∏‡®æ‡®¨ ‡®π‡©Ä ‡®ö‡©±‡®≤‡©Ç ‡®Ü‡®™‡®£‡©á ‡®ï‡©ã‡®≤,88,1 year ago
463,‡®π‡©á‡®ü‡®∞‡®æ ‡®µ‡©Ä ‡®∏‡®æ‡®∞‡©Ä ‡®â‡®Æ‡®∞ ‡®Ø‡®æ‡®¶ ‡®∞‡©±‡®ñ‡®£‡®ó‡©á ‡®á‡®∏. ‡®ó‡®æ‡®£‡©á ‡®®‡©Ç‡©∞,,1 year ago
464,Nyc song Ô∏èÔ∏èÔ∏è,,6 months ago
465,No one can reach ur level. You were and will remain a Bigger Competition for all The Artists in the Industry.,9,4 months ago
466,Ustaad de song sunan da alag hi swad hi .love you maan saab,,1 year ago
467,Ustaad babbu maanÔ∏è,3,5 months ago
468,wow ‡®¨‡®π‡©Å‡®§ ‡®µ‡®ß‡©Ä‡®Ü ‡®®‡®π‡©Ä ‡®∞‡©Ä‡®∏‡®æ ‡®Æ‡®æ‡®® ‡®∏‡®æ‡®π‡®ø‡®¨ ‡®¶‡©Ä‡®Ü  ‡®µ‡®æ‡®π‡®ø‡®ó‡©Å‡®∞‡©Ç ‡®ú‡©Ä ‡®π‡©ã‡®∞ ‡®§‡®∞‡©±‡®ï‡©Ä‡®Ü ‡®¨‡®ñ‡®∏‡®£ Ô∏èÔ∏è,58,1 year ago
469,Super duper song ustad ji ,,1 year ago
470,Wonderful. ..speechless. ..,,1 year ago
471,1 saal ho gya hje 1.9 crore views SYL' te 2 hours de vich 2.7 crore age si ,2,4 months ago
472,‡®â‡®∏‡©ç‡®§‡®æ‡®¶‡©±‡®¶‡©ú ‡®∏‡®ø‡®∞‡®æ‡®Ü‡®Ü ,1,1 year ago
473,The legend love from Pakistan üáµüá∞ I,1,4 months ago
474,‡®ú‡©á‡©ú‡©á ‡®µ‡®æ‡®∞ ‡®µ‡®æ‡®∞ ‡®∞‡®™‡®ø‡®ü ‡®§‡©á ‡®∏‡©Å‡®£ ‡®∞‡®π‡©á ‡®≤‡®æ‡®à‡®ï ‡®ï‡®∞‡©ã,50,1 year ago
475,,2,1 year ago
476,,2,1 year ago
477,Babbu maan ,,3 months ago
478,,2,1 year ago
479,Maan Ô∏è,,2 months ago
480,Babbu Maan Great Singrer In The World ,34,1 year ago
481,‡®á‡®∏ ‡®ó‡®æ‡®£‡©á ‡®®‡©á ‡®¶‡®ø‡®≤ ‡®ñ‡©Å‡®∏ ‡®ï‡©Ä‡®§‡®æ ‡®π‡©à,,1 year ago
482,Ustad love you Ô∏èÔ∏èÔ∏èÔ∏èÔ∏è,8,1 year ago
483,Babbu Maan my  favourite singer  love you Babbu Maan all' song,,9 days ago
484,Nice song singer from Mauritius S.Veer Singhji god blessed,7,1 year ago
485,Babbu Maan all time hit,,1 month ago
486,My favourite singer Ô∏è Babbu Maan hai I love you Veer je,28,1 year ago
487,"10m original views completed
Congrats  #kattado Ô∏è",12,1 year ago
488,This song is Very beautifulüáÆüá≥üáÆüá≥,14,1 year ago
489,UstaadÔ∏è babbu,,1 month ago
490,‡®¨‡®æ‡®¨‡®æ ‡®¶‡©Ä‡®™ ‡®∏‡®ø‡©∞‡®ò ‡®ú‡©Ä ‡®¶‡©Ä ‡®∂‡®π‡®æ‡®¶‡®§ ‡®®‡©Ç‡©∞ ‡®ï‡©ã‡®ü‡®ø ‡®ï‡©ã‡®ü‡®ø ‡®™‡©ç‡®∞‡®£‡®æ‡®Æ ,5,1 year ago
491,UstaadÔ∏è babbu,,1 month ago
492,"‡®¨‡®π‡©Å‡®§ ‡®µ‡©±‡®°‡®æ ‡®ß‡®Æ‡®æ‡®ï‡®æ ‡®™‡©à‡®£ ‡®ú‡®æ ‡®∞‡®ø‡®π‡®æ , ‡®™‡©Å‡®∞‡®æ‡®£‡©Ä ‡®Ø‡®æ‡®∞‡©Ä 
Coming soon ",20,1 year ago
493,‡®¨‡®π‡©Å‡®§ ‡®∏‡©ã‡®π‡®£‡®æ ‡®ó‡®æ‡®£‡®æ ‡®ú‡©Ä,1,1 year ago
494,"Please support Golden Hut dhaba owner Ram Singh Rana , he is a nice person . Punished by government for helping farmers , providing free shelter to farmers at singhu boarder.  He need our help now. I request all Punjabis , please support him.
Read more",8,1 year ago
495,UstaadÔ∏è babbu,,1 month ago
496,Love you babbuman ustad legend Ô∏èÔ∏è,,7 months ago
497,Bhot sona Ô∏èÔ∏è,,4 months ago
498,‡®¨‡©±‡®¨‡©Ç ‡®Æ‡®æ‡®® ‡®π‡®Æ‡©á‡®∏‡®º‡®æ ‡®ü‡®æ‡®™ ‡®§‡©á ‡®π‡©Ä ‡®∞‡®π‡©Ç‡®ó‡®æ Ô∏èÔ∏èÔ∏è,171,1 year ago
499,Ô∏èevery word great Shan of punjab,1,8 months ago
